날짜,종가,전일비,시가,고가,저가,거래량,MA5,MA20,MA60,RSI,MACD,MACD_Signal,MACD_Histogram,평균거래량,거래량비율,거래량신호,골든크로스,데드크로스,MACD_골든크로스
2025-01-08,37400,"하락
				1,250",38300,39000,37200,2887696,,,,,0.0,0.0,0.0,,,False,False,False,False
2025-01-09,37200,"하락
				200",37450,37850,37200,2219066,,,,0.0,-15.954415954409342,-3.1908831908818684,-12.763532763527474,,,False,False,False,False
2025-01-10,36550,"하락
				650",37200,37400,36400,2240282,,,,0.0,-80.12434964001295,-18.577576480708085,-61.54677315930486,,,False,False,False,False
2025-01-13,36500,"하락
				50",36200,36900,36200,1170255,,,,0.0,-133.4754446969382,-41.557150123954116,-91.9182945729841,,,False,False,False,False
2025-01-14,36850,"상승
				350",36650,36950,36350,1087274,36900.0,,,31.333398584059253,-145.83342008687032,-62.41240411653736,-83.42101597033296,,,False,False,False,False
2025-01-15,37000,"상승
				150",36950,38150,36500,2186274,36820.0,,,40.00903336424849,-141.88786325463298,-78.30749594415649,-63.58036731047649,,,False,False,False,False
2025-01-16,36900,"하락
				100",37400,37850,36700,1271977,36760.0,,,36.68168403831479,-145.15686729484878,-91.67737021429495,-53.47949708055383,,,False,False,False,False
2025-01-17,36400,"하락
				500",36950,36950,36400,1135029,36730.0,,,25.33595682712584,-185.94988336857932,-110.53187284515184,-75.41801052342748,,,False,False,False,False
2025-01-20,36450,"상승
				50",36400,36700,35800,1356111,36720.0,,,27.74280584881396,-211.80253261872713,-130.7860047998669,-81.01652781886023,,,False,False,False,False
2025-01-21,36450,보합0,36450,37000,36150,1166887,36640.0,,,27.74280584881396,-229.64375316949008,-150.55755447379155,-79.08619869569853,,,False,False,False,False
2025-01-22,36300,"하락
				150",36800,37050,36150,1154547,36500.0,,,24.945035331178047,-252.97070655632706,-171.04018489029866,-81.9305216660284,,,False,False,False,False
2025-01-23,35750,"하락
				550",36450,36500,35750,1220022,36270.0,,,17.84062677700166,-312.2385964570567,-199.27986720365027,-112.95872925340643,,,False,False,False,False
2025-01-24,35750,보합0,35900,36350,35700,1076274,36140.0,,,17.84062677700166,-355.11527832848515,-230.44694942861724,-124.6683288998679,,,False,False,False,False
2025-01-31,38350,"상승
				2,600",36100,39000,36100,6846406,36520.0,,,67.92447108539014,-177.25381508441205,-219.80832255977623,42.554507475364176,,,False,False,False,True
2025-02-03,41800,"상승
				3,450",38350,42450,37750,14720792,37590.0,,,82.85744894918105,239.32999589125393,-127.9806588695702,367.31065476082415,,,False,False,False,False
2025-02-04,40900,"하락
				900",42600,43150,40200,12331280,38510.0,,,73.27382907148073,491.19104442328535,-4.146318210999101,495.33736263428443,,,False,False,False,False
2025-02-05,43200,"상승
				2,300",41300,43550,41000,10732661,40000.0,,,79.72714521247015,866.3962414848647,169.96219372817367,696.434047756691,,,False,False,False,False
2025-02-06,45300,"상승
				2,100",44000,45500,43500,9121099,41910.0,,,83.61687249440504,1318.0083332968206,399.5714216419031,918.4369116549176,,,False,False,False,False
2025-02-07,44500,"하락
				800",45200,45250,43550,5102434,43140.0,,,77.51523128926212,1592.9977689523803,638.2566911039986,954.7410778483817,,,False,False,False,False
2025-02-10,42500,"하락
				2,000",44500,46000,42300,6162748,43280.0,38602.5,,64.78706735457766,1630.7473522272194,836.7548233286428,793.9925288985766,4259455.7,1.4468393226862295,False,False,False,False
2025-02-11,42850,"상승
				350",43200,43450,42250,3387582,43670.0,38875.0,,65.84404989974081,1669.6594490695861,1003.3357484768316,666.3237005927546,4284450.0,0.7906690473689738,False,False,False,False
2025-02-12,42000,"하락
				850",42750,42750,41400,2941517,43430.0,39115.0,,61.05118402935959,1613.312408714526,1125.3310805243705,487.98132819015564,4320572.55,0.6808164811397508,False,False,False,False
2025-02-13,40200,"하락
				1,800",42350,43100,39700,8123275,42410.0,39297.5,,52.359353015405624,1407.190796941024,1181.7030238077014,225.48777313332266,4614722.2,1.7602955601531116,True,False,False,False
2025-02-14,38750,"하락
				1,450",40550,40600,38400,6091721,41260.0,39410.0,,46.60342682954768,1113.9936276376684,1168.1611445736949,-54.16751693602646,4860795.5,1.253235401489324,False,False,False,False
2025-02-17,39050,"상승
				300",39100,39350,38800,3131805,40570.0,39520.0,,47.880050425055316,895.517285560818,1113.6323727711194,-218.11508721030145,4963022.05,0.631027823057929,False,False,False,False
2025-02-18,38950,"하락
				100",38950,39350,38600,2601628,39790.0,39617.5,,47.47261753181478,706.1638291124546,1032.1386640393864,-325.97483492693186,4983789.75,0.5220180084844068,False,False,False,False
2025-02-19,39300,"상승
				350",39150,39650,38850,2977884,39250.0,39737.5,,49.10502699918286,577.6827583439299,941.2474829002952,-363.56472455636526,5069085.1,0.5874598554283494,False,False,True,False
2025-02-20,39750,"상승
				450",39600,40750,39550,4599415,39160.0,39905.0,,51.20469456118028,506.33510736182507,854.2650077926012,-347.9299004307761,5242304.4,0.8773651144714144,False,False,False,False
2025-02-21,39900,"상승
				150",40000,40250,39600,2460853,39390.0,40077.5,,51.916780836126094,456.63156192158203,774.7383186183974,-318.1067566968154,5297541.5,0.4645273661376697,False,False,False,False
2025-02-24,39550,"하락
				350",39650,40000,39200,1834667,39490.0,40232.5,,50.0803140160865,384.5660313125991,696.7038611572378,-312.13782984463876,5330930.5,0.3441551151342153,False,False,False,False
2025-02-25,39750,"상승
				200",39200,39800,39100,1505555,39650.0,40405.0,,51.14382367757107,339.6763303361877,625.2983549930278,-285.62202465684015,5348480.9,0.2814920774981173,False,False,False,False
2025-02-26,42100,"상승
				2,350",40150,42400,40050,7598359,40210.0,40722.5,,61.517927655151006,488.0997688266216,597.8586377597467,-109.75886893312509,5667397.75,1.3407139105421002,False,False,False,False
2025-02-27,44450,"상승
				2,350",42900,44450,42800,10185706,41150.0,41157.5,,68.67998463674091,786.2879355205296,635.5444973119033,150.74343820862623,6122869.35,1.6635510930835067,True,False,False,True
2025-02-28,43150,"하락
				1,300",43700,44700,42650,6591090,41800.0,41397.5,,61.82504073806814,907.2468930668038,689.8849764628834,217.36191660392035,6110103.55,1.0787198524646935,False,True,False,False
2025-03-04,41900,"하락
				1,250",43000,43450,41350,3387888,42270.0,41402.5,,56.03375749911412,891.9612114513002,730.3002234605668,161.66098799073336,5543458.35,0.6111506186386338,False,False,False,False
2025-03-05,43100,"상승
				1,200",42550,43500,42450,2525062,42940.0,41512.5,,59.91563086628904,965.5469456676292,777.3495679019793,188.1973777656499,5053147.45,0.4997008349716769,False,False,False,False
2025-03-06,45100,"상승
				2,000",43500,45400,42550,6180767,43540.0,41607.5,,65.39896308993268,1171.7403619833567,856.2277267182549,315.51263526510184,4825552.75,1.2808412466323158,False,False,False,False
2025-03-07,43750,"하락
				1,350",44450,44825,43450,3099161,43400.0,41530.0,,59.48392456917358,1212.2424361682351,927.4306686082509,284.8117675599842,4524455.85,0.6849798302264349,False,False,False,False
2025-03-10,45400,"상승
				1,650",43500,45950,43150,4010592,43850.0,41575.0,,63.794152985324345,1361.7840334792563,1014.3013415824521,347.4826918968042,4469863.75,0.8972515101830565,False,False,False,False
2025-03-11,44100,"하락
				1,300",43900,44700,43550,2486551,44290.0,41655.0,,58.51254688787252,1359.7236435265877,1083.3858019712793,276.3378415553084,4286053.9,0.5801492603721106,False,False,False,False
2025-03-12,44100,보합0,44250,44650,43450,1976354,44490.0,41717.5,,58.51254688787252,1342.6139517570991,1135.2314319284433,207.38251982865586,4215492.5,0.46883110336455347,False,False,False,False
2025-03-13,43150,"하락
				950",44150,44750,42350,3269454,44100.0,41775.0,,54.67607448079781,1238.1250029148287,1155.8101461257204,82.31485678910826,4231889.35,0.7725754927878727,False,False,False,False
2025-03-14,43450,"상승
				300",43100,44050,43100,1733603,44040.0,41937.5,,55.66466269059167,1166.082379144791,1157.8645927295345,8.217786415256569,3912405.75,0.44310409266728024,False,False,False,False
2025-03-17,43500,"상승
				50",43500,43850,42300,1693348,43660.0,42175.0,,55.83755451484943,1100.3386439500828,1146.3594029736441,-46.02075902356137,3692487.1,0.4585928005002374,False,False,False,False
2025-03-18,44000,"상승
				500",43700,45050,43500,2475410,43640.0,42422.5,,57.61745670509801,1076.1765876699064,1132.3228399128966,-56.14625224299016,3659667.35,0.6764030069563562,False,False,False,False
2025-03-19,43300,"하락
				700",44000,44375,43100,1642570,43480.0,42640.0,,54.31687478551914,989.1416251977498,1103.6865969698672,-114.54497177211738,3611714.45,0.45478955292271234,False,False,False,False
2025-03-20,42650,"하락
				650",43500,43950,42650,1761461,43380.0,42807.5,,51.373948537521194,857.8277187002095,1054.5148213159357,-196.6871026157262,3550893.3,0.49606137137378925,False,False,False,False
2025-03-21,43600,"상승
				950",42650,43600,41900,1900729,43410.0,43000.0,,55.19486324797371,820.9541142511443,1007.8026799029775,-186.84856565183316,3415959.0,0.5564261749043241,False,False,False,False
2025-03-24,41900,"하락
				1,700",43350,43500,41550,1792693,43090.0,43100.0,,47.93597801287867,647.0964000616877,935.6614239347197,-288.5650238730319,3382551.0,0.5299825486740629,False,False,True,False
2025-03-25,42200,"상승
				300",42100,42400,41750,827099,42730.0,43232.5,,49.20551354076617,527.4403972060027,854.0172185889763,-326.57682138297366,3332172.6,0.24821613382211954,False,False,False,False
2025-03-26,42900,"상승
				700",42350,43050,41400,1180900,42650.0,43390.0,,52.13814914050934,483.52255568423425,779.918286008028,-296.3957303237937,3315939.85,0.35612829346105296,False,False,False,False
2025-03-27,41600,"하락
				1,300",42300,42350,41200,1360153,42440.0,43365.0,,46.74094313072881,339.90005813089374,691.9146404326011,-352.0145823017074,3004029.55,0.4527761719254726,False,False,False,False
2025-03-28,41150,"하락
				450",41600,41650,40500,728635,41950.0,43200.0,,45.00425896295325,187.6043685021432,591.0525860465095,-403.44821754436634,2531176.0,0.2878642180551649,False,False,False,False
2025-03-31,39100,"하락
				2,050",40250,40700,39100,1711143,41390.0,42997.5,,38.06551159589362,-97.38632130388578,453.3648045764305,-550.7511258803163,2287178.65,0.7481457559076113,False,False,False,False
2025-04-01,42200,"상승
				3,100",39600,42450,39600,2570592,41390.0,43012.5,,50.495361174596,-72.26636236212653,348.2385711887191,-420.50493355084564,2246313.85,1.144360125812339,False,False,False,False
2025-04-02,40900,"하락
				1,300",42300,42350,40700,1549771,40990.0,42902.5,,46.29901407779033,-155.46563826402416,247.49772929817047,-402.96336756219466,2197549.3,0.7052269544078034,False,False,False,False
2025-04-03,42850,"상승
				1,950",40000,42900,40000,2508882,41240.0,42790.0,,52.654832999150926,-63.32301239498338,185.33358095953972,-248.6565933545231,2013955.05,1.2457487569049766,False,False,False,False
2025-04-04,41850,"하락
				1,000",42600,44750,40950,4844975,41380.0,42695.0,,49.42426038381831,-70.18194640192087,134.23047548724762,-204.41242188916848,2101245.75,2.305763140746388,True,False,False,False
2025-04-07,40650,"하락
				1,200",40450,41750,39500,2124791,41690.0,42457.5,,45.79339583877245,-170.48245656231302,73.28788907733549,-243.7703456396485,2006955.7,1.058713453416037,False,False,False,False
2025-04-08,39050,"하락
				1,600",41450,41500,39000,2588453,41060.0,42205.0,40820.833333333336,41.423782204627855,-374.75798496077186,-16.321285730285982,-358.4366992304859,2012050.8,1.286474973693507,False,False,False,False
2025-04-09,37150,"하락
				1,900",38250,39650,36950,1861781,40310.0,41857.5,40816.666666666664,36.918679942750785,-682.0991199172786,-149.47685256768452,-532.622267349594,2006322.15,0.927957157827321,False,False,False,False
2025-04-10,40000,"상승
				2,850",39100,40000,38200,1977485,39740.0,41700.0,40863.333333333336,46.344979026804005,-687.7698197274512,-257.1354459996379,-430.63437372781334,1941723.7,1.0184172959314448,False,False,False,False
2025-04-11,39000,"하락
				1,000",38750,39050,38200,1364871,39170.0,41477.5,40904.166666666664,43.867968843521744,-764.1469227727139,-358.5377413542531,-405.60918141846076,1923287.1,0.709655360346357,False,False,False,False
2025-04-14,39000,보합0,39150,39750,38950,962491,38840.0,41252.5,40945.833333333336,43.867968843521744,-815.2783063805691,-449.8858543595163,-365.3924520210528,1886744.25,0.5101332626295271,False,False,False,False
2025-04-15,38850,"하락
				150",39150,39350,38750,1049886,38800.0,40995.0,40979.166666666664,43.463845556568444,-858.0133983083142,-531.5113631492759,-326.5020351590383,1815468.05,0.5783004553564024,False,False,False,False
2025-04-16,37750,"하락
				1,100",38900,38950,37600,1386130,38920.0,40717.5,40991.666666666664,40.516162632715,-969.4666652225496,-619.1024235639306,-350.364241658619,1802646.05,0.7689418563339153,False,False,False,False
2025-04-17,38200,"상승
				450",37800,38400,37800,845939,38560.0,40495.0,41013.333333333336,42.2418819586482,-1009.842111776743,-697.2503612064932,-312.5917505702498,1756869.95,0.4815034829413526,False,False,False,False
2025-04-18,39000,"상승
				800",38300,39150,38100,841087,38560.0,40265.0,41056.666666666664,45.281158617450245,-966.1494603673345,-751.0301810386615,-215.1192793286731,1703887.85,0.49362814577262226,False,False,False,False
2025-04-21,38900,"하락
				100",39250,39350,38750,464726,38540.0,40115.0,41097.5,44.962662663814115,-928.8842837888224,-786.6010015886936,-142.28328220012872,1637489.5,0.2838039572162142,False,False,False,False
2025-04-22,39200,"상승
				300",38550,40150,38425,1247375,38610.0,39965.0,41143.333333333336,46.18556317421255,-865.1707205573548,-802.3149453824259,-62.85577517492891,1658503.3,0.7521088441608769,False,False,False,False
2025-04-23,39400,"상승
				200",39650,39700,39150,687852,38940.0,39790.0,41195.0,47.03055509666789,-789.4387753411647,-799.7397113741737,10.300936033008952,1633850.9,0.4210004719524897,False,False,False,True
2025-04-24,39450,"상승
				50",39650,39775,39250,497262,39190.0,39682.5,41256.666666666664,47.25353811160648,-717.1195729599203,-783.2156836913231,66.09611073140275,1590706.35,0.31260452314155907,False,False,False,False
2025-04-25,37950,"하락
				1,500",37850,38400,37150,16562277,38980.0,39522.5,41293.333333333336,41.59627084143684,-771.9450460462976,-780.9615561623181,9.016510116020413,2382388.45,6.951963270305478,True,False,False,False
2025-04-28,38050,"상승
				100",38500,38600,37950,1779369,38810.0,39470.0,41288.333333333336,42.093995763316634,-798.1251740080334,-784.3942797314612,-13.730894276572144,2385799.75,0.745816575762488,False,False,False,False
2025-04-29,38450,"상승
				400",38200,38700,38100,1787062,38660.0,39282.5,41232.5,44.14449433624177,-777.6323947870769,-783.0419027425844,5.409507955507479,2346623.25,0.7615461919590203,False,False,False,True
2025-04-30,38250,"하락
				200",38300,38750,37750,1857478,38430.0,39150.0,41188.333333333336,43.31852444550993,-768.6693068528548,-780.1673835646385,11.49807671178371,2362008.6,0.7863976447841892,False,False,False,False
2025-05-02,38050,"하락
				200",38150,38650,37950,1350989,38150.0,38910.0,41102.5,42.4629022788418,-768.8415962849831,-777.9022261087075,9.060629823724412,2304113.95,0.5863377546930784,False,False,False,False
2025-05-07,38350,"상승
				300",38350,38550,37800,1891623,38230.0,38735.0,40986.666666666664,44.241967046668705,-736.2832293581887,-769.5784267586038,33.29519740041508,2156446.35,0.8771945566834992,False,False,False,False
2025-05-08,37000,"하락
				1,350",38200,38250,36900,4639380,38020.0,38552.5,40861.666666666664,38.47647609753336,-810.0761529413794,-777.6779719951589,-32.398180946220464,2282175.8,2.0328758196454455,True,False,False,False
2025-05-09,36950,"하락
				50",37150,37200,36850,1076784,37720.0,38447.5,40769.166666666664,38.27751575046629,-862.6480884787379,-794.6719952918747,-67.97609318686318,2206592.35,0.4879850145406332,False,False,False,False
2025-05-12,38100,"상승
				1,150",37100,38100,37050,1737798,37690.0,38495.0,40690.0,45.285400972488326,-802.2682876777617,-796.1912537690522,-6.077033908709495,2200393.2,0.7897670289110146,False,False,False,False
2025-05-13,37550,"하락
				550",38150,38300,37400,1270052,37590.0,38372.5,40615.833333333336,42.78350375894282,-789.6941612647133,-794.8918352681845,5.197674003471207,2165021.55,0.5866232601703203,False,False,False,True
2025-05-14,37950,"상승
				400",37700,38200,37300,1623377,37510.0,38320.0,40578.333333333336,45.156611788027085,-738.9344421517599,-783.7003566448997,44.7659144931398,2177946.85,0.7453703473066847,False,False,False,False
2025-05-15,37650,"하락
				300",37750,37850,37250,1346122,37640.0,38252.5,40560.0,43.69290816446683,-714.6761500586872,-769.8955153276572,55.21936526897002,2197128.4,0.6126733421678952,False,False,False,False
2025-05-16,37400,"하락
				250",37650,37800,37300,912660,37730.0,38180.0,40532.5,42.457833904429805,-707.4689280477687,-757.4101978716795,49.94126982391083,2190267.1,0.41668890520247504,False,False,False,False
2025-05-19,36450,"하락
				950",37150,37200,36350,1389926,37400.0,38115.0,40490.833333333336,38.055637630894815,-769.543395953202,-759.8368374879841,-9.706558465217881,2190456.9,0.6345370228466947,False,False,False,False
2025-05-20,36550,"상승
				100",36600,36850,36300,1680015,37200.0,38032.5,40445.0,38.7752517146392,-801.4303050420422,-768.1555309987957,-33.27477404324645,2232160.7,0.7526407036912709,False,False,False,False
2025-05-21,37450,"상승
				900",36700,37950,36700,1327371,37100.0,37955.0,40406.666666666664,44.97129384519584,-745.4849454388022,-763.6214138867971,18.136468447994844,2256474.9,0.5882498404923538,False,False,False,True
2025-05-22,37250,"하락
				200",37250,37650,36950,884129,37020.0,37872.5,40362.5,43.90788076093717,-709.1119720124625,-752.7195255119302,43.60755349946771,2277445.05,0.3882109032663599,False,False,False,False
2025-05-23,37400,"상승
				150",37250,37650,37000,1081143,37020.0,37782.5,40326.666666666664,44.959111376550716,-660.56776808,-734.2891740255442,73.72140594554423,2269133.45,0.476456331821295,False,False,False,False
2025-05-26,39000,"상승
				1,600",37400,39000,37100,2676578,37530.0,37762.5,40314.166666666664,54.70940298356895,-487.37139442260377,-684.9056181049561,197.53422368235238,2368569.75,1.1300397634479626,False,False,False,False
2025-05-27,40950,"상승
				1,950",38700,41000,38550,3448700,38410.0,37837.5,40295.0,63.25320133412816,-190.56658435572172,-586.0378113551093,395.47122699938757,2516141.65,1.370630306127638,False,True,False,False
2025-05-28,41700,"상승
				750",40950,42200,40250,2787745,39260.0,38025.0,40249.166666666664,65.91637824285706,103.97355554688693,-448.03553797471005,552.0090935215969,1827415.05,1.525512772809877,True,False,False,False
2025-05-29,44000,"상승
				2,300",41550,44250,41550,4644875,40610.0,38322.5,40263.333333333336,72.4987718922532,517.02952207403,-255.02252596496206,772.052048038992,1970690.35,2.3569786090442872,True,False,False,False
2025-05-30,42700,"하락
				1,300",43650,43850,42650,3539065,41670.0,38535.0,40276.666666666664,64.87270955165474,731.0530910389061,-57.80740256418842,788.8604936030946,2058290.5,1.7194195863023223,True,False,False,False
2025-06-02,43150,"상승
				450",43200,43700,42400,2075682,42500.0,38780.0,40277.5,66.19816114982251,926.3017209568061,139.0144221400105,787.2872988167956,2069200.7,1.0031322722827225,False,False,False,False
2025-06-04,41600,"하락
				1,550",44100,44450,41050,3838475,42630.0,38957.5,40219.166666666664,58.070285503014105,945.0714256394131,300.22582283989107,644.845602799522,2193575.0,1.7498717846437892,True,False,False,False
2025-06-05,44300,"상승
				2,700",42000,44900,41850,5070135,43150.0,39255.0,40228.333333333336,65.91990596241591,1164.3916053692155,473.058979345756,691.3326260234596,2352500.6,2.155210927470114,True,False,False,False
2025-06-09,51400,"상승
				7,100",45950,51500,45700,12784767,44630.0,39975.0,40328.333333333336,77.72774121795476,1889.3360013926358,756.314383755132,1133.0216176375038,2759769.95,4.632548086118555,True,False,False,False
2025-06-10,50000,"하락
				1,400",53300,53300,49000,8896042,46090.0,40627.5,40426.666666666664,72.40092188603771,2324.1005737597807,1069.8716217560618,1254.2289520037189,3150732.85,2.8234834317990494,True,False,False,False
2025-06-11,51400,"상승
				1,400",49100,52000,49100,5300436,47740.0,41292.5,40548.333333333336,74.29783041053304,2749.9235227795143,1405.8820019607524,1344.041520818762,3328864.75,1.5922653511230818,True,False,False,False
2025-06-12,50500,"하락
				900",50800,51800,50300,4071665,49520.0,41940.0,40670.833333333336,70.9231030064837,2980.4124597860937,1720.7880935258206,1259.624366260273,3468945.4,1.173747214355118,False,False,False,False
2025-06-13,51500,"상승
				1,000",53700,53700,50700,5408390,50960.0,42617.5,40805.0,72.42198598601026,3206.80222570536,2017.9909199617287,1188.8113057436312,3658196.05,1.478430878520029,False,False,False,False
2025-06-16,53200,"상승
				1,700",51300,53300,50800,4949701,51320.0,43395.0,40966.666666666664,74.80019717227124,3483.2409058335033,2311.040917136084,1172.1999886974195,3838375.0,1.2895303351027454,False,False,False,False
2025-06-17,51800,"하락
				1,400",53800,54000,51200,3981660,51680.0,44115.0,41096.666666666664,69.48587637862033,3548.447952591072,2558.5223242270818,989.9256283639902,3991825.0,0.9974535456839917,False,False,False,False
2025-06-18,55200,"상승
				3,400",51600,55400,51600,8380598,52440.0,45052.5,41295.0,74.26738098763309,3830.323012556786,2812.882461893023,1017.4405506637631,4341358.6,1.9304090659546072,True,False,False,False
2025-06-19,60400,"상승
				5,200",57300,61800,56800,14753547,54420.0,46245.0,41590.833333333336,79.54629681037181,4422.329706119017,3134.771910738222,1287.5577953807951,4995035.2,2.953642248607177,True,False,False,False
2025-06-20,66600,"상승
				6,200",60100,67200,58600,16754279,57440.0,47702.5,41974.166666666664,83.81072788147887,5330.342589039639,3573.8860463985056,1756.4565426411336,5766380.6,2.9055104340493934,True,False,False,False
2025-06-23,67600,"상승
				1,000",67000,68900,65600,12708128,60320.0,49220.0,42402.5,84.37652380416034,6060.77612877472,4071.2640628737486,1989.5120659009713,6357580.55,1.9988937458291425,True,False,False,False
2025-06-24,70400,"상승
				2,800",68100,71600,66000,12083420,64040.0,50870.0,42872.5,85.86602086642506,6787.346268125286,4614.480503924056,2172.8657642012295,6907694.4,1.749269626056416,True,False,False,False
2025-06-25,69400,"하락
				1,000",69400,70700,67200,6399440,66880.0,52390.0,43314.166666666664,82.82884298900831,7199.475622110767,5131.479527561399,2067.9960945493685,7093837.5,0.9021125730607729,False,False,False,False
2025-06-26,63100,"하락
				6,300",67500,67600,61100,12516562,67420.0,53497.5,43672.5,66.79855898277034,6937.759581818929,5492.735538412905,1445.0240434060242,7547230.6,1.6584311071666473,True,False,False,False
2025-06-27,60900,"하락
				2,200",63000,63500,58900,7751588,66280.0,54457.5,44001.666666666664,62.26664262209673,6478.150039347325,5689.818438599789,788.331600747536,7795422.75,0.9943768604467281,False,False,False,False
2025-06-30,60000,"하락
				900",61200,62000,59500,4067265,64760.0,55257.5,44350.0,60.45953463912899,5972.437149498095,5746.34218077945,226.09496871864485,7766542.25,0.5236905780046455,False,False,False,False
2025-07-01,60100,"상승
				100",59900,63400,59300,4862065,62700.0,56127.5,44648.333333333336,60.59637273778421,5516.138593069234,5700.301463237407,-184.16287016817296,7832692.25,0.6207399505578686,False,False,False,False
2025-07-02,58700,"하락
				1,400",61000,61300,58100,2974555,60560.0,56905.0,44945.0,57.59143239654937,4984.096834122756,5557.060537414477,-572.9637032917208,7877635.9,0.37759488224125715,False,False,False,False
2025-07-03,59500,"상승
				800",59200,61400,58800,3330017,59840.0,57800.0,45222.5,58.84727288560597,4574.273839687507,5360.503197869083,-786.2293581815766,7852213.0,0.42408643270374863,False,False,False,False
2025-07-04,58400,"하락
				1,100",60000,60400,58300,2125150,59340.0,58505.0,45498.333333333336,56.37522681288663,4113.309683481115,5111.0644949914895,-997.7548115103746,7704963.75,0.2758157038701188,False,False,False,False
2025-07-07,60100,"상승
				1,700",57600,61000,57500,3213170,59360.0,58940.0,45822.5,59.22594964246933,3840.892641627317,4857.030124318655,-1016.1374826913379,7226383.9,0.44464424316012324,False,False,False,False
2025-07-08,60800,"상승
				700",61400,61600,59900,2354516,59500.0,59480.0,46185.0,60.37419246537807,3639.5300858543706,4613.530116625799,-974.0000307714281,6899307.6,0.34126844844546433,False,False,False,False
2025-07-09,60500,"하락
				300",60700,61000,59500,2152533,59860.0,59935.0,46574.166666666664,59.599550946797194,3416.359649441336,4374.096023188907,-957.7363737475707,6741912.45,0.3192763204749121,False,False,True,False
2025-07-10,60800,"상승
				300",61000,61800,59700,3149990,60120.0,60450.0,46920.833333333336,60.15018170095171,3226.509767357711,4144.578772022668,-918.069004664957,6695828.7,0.470440649116367,False,False,False,False
2025-07-11,60000,"하락
				800",62000,62000,59900,2465478,60440.0,60875.0,47270.833333333336,57.88454479817465,2977.1799763536474,3911.0990128888643,-933.919036535217,6548683.1,0.3764845484735702,False,False,False,False
2025-07-14,58300,"하락
				1,700",59500,59600,56500,3469359,60080.0,61130.0,47592.5,53.29097178314495,2612.2956104518453,3651.338332401461,-1039.0427219496155,6474666.0,0.5358359798018925,False,False,False,False
2025-07-15,57200,"하락
				1,100",57400,58000,56300,2979693,59360.0,61400.0,47898.333333333336,50.49846262947945,2208.8985077031175,3362.8503674617923,-1153.9518597586748,6424567.65,0.4637966571960683,False,False,False,False
2025-07-16,56100,"하락
				1,100",56900,57600,56000,1844953,58480.0,61445.0,48204.166666666664,47.800957701401884,1779.9247262594945,3046.265239221333,-1266.3405129618386,6097785.4,0.3025611560551147,False,False,False,False
2025-07-17,57500,"상승
				1,400",57500,59100,57000,3318001,57820.0,61300.0,48525.833333333336,51.362020628927034,1535.231025968802,2744.058396570827,-1208.827370602025,5526008.1,0.600433611380338,False,False,False,False
2025-07-18,56900,"하락
				600",57700,57800,56100,1334076,57200.0,60815.0,48824.166666666664,49.79417411470067,1278.160679291257,2450.878853114913,-1172.718173823656,4754997.95,0.28056289698295245,False,False,False,False
2025-07-21,56900,보합0,56700,57400,56400,1111739,56920.0,60280.0,49124.166666666664,49.794174114700674,1062.1863543525396,2173.1403533624384,-1110.9539990098988,4175178.5,0.26627340603521504,False,False,False,False
2025-07-22,56500,"하락
				400",57100,57100,56100,1274106,56780.0,59585.0,49412.5,48.64605440452355,848.9621812028126,1908.3047189305134,-1059.3425377277008,3634712.8,0.350538287371701,False,False,False,False
2025-07-23,55000,"하락
				1,500",56700,56900,54100,1861734,56560.0,58865.0,49672.5,44.50218617821137,552.5733027384631,1637.1584356921035,-1084.5851329536404,3407827.5,0.5463111028947328,False,False,False,False
2025-07-24,54100,"하락
				900",55500,55900,53500,1968455,55880.0,58415.0,49916.666666666664,42.180487551863706,242.2677905200835,1358.1803066576995,-1115.912516137616,2880422.15,0.6833911480648766,False,False,False,False
2025-07-25,55800,"상승
				1,700",54000,55900,53700,1822409,55660.0,58160.0,50214.166666666664,47.72784323881858,132.00258532881708,1112.944762391923,-980.9421770631059,2583963.2,0.7052766850549574,False,False,False,False
2025-07-28,55900,"상승
				100",56800,57200,55400,1437014,55460.0,57955.0,50511.666666666664,48.04362438559991,52.08537231196533,900.7728843759314,-848.6875120639661,2452450.65,0.5859502208535776,False,False,False,False
2025-07-29,56000,"상승
				100",56300,56600,55300,1272773,55360.0,57750.0,50804.166666666664,48.37945712262945,-3.1441862888314063,719.9894702429789,-723.1336565318103,2272986.05,0.5599563622486817,False,False,False,False
2025-07-30,56300,"상승
				300",56300,58800,56000,3314430,55620.0,57630.0,51105.0,49.43539111678878,-22.447752870211843,571.5020256203408,-593.9497784905526,2289979.8,1.4473621121024738,False,False,False,False
2025-07-31,58000,"상승
				1,700",56500,58300,55800,2062382,56400.0,57555.0,51437.5,55.04697519029146,98.29672063862381,476.8609646239974,-378.5642439853736,2226598.05,0.9262480042143215,False,False,False,False
2025-08-01,55500,"하락
				2,500",57200,57500,55300,2256317,56340.0,57410.0,51723.333333333336,46.81829496149733,-7.65329835745797,379.95811202770636,-387.61141038516433,2233156.4,1.0103712395602924,False,False,False,False
2025-08-04,55400,"하락
				100",55000,59400,54700,8113567,56240.0,57175.0,52030.0,46.51874491617055,-98.55256340160122,284.25597694184484,-382.80854034344605,2478176.25,3.2740072462561933,True,False,False,False
2025-08-05,54700,"하락
				700",55800,55900,53300,4343070,55980.0,56870.0,52325.833333333336,44.37828530478355,-224.48728600425238,182.5073243526254,-406.9946103568778,2577603.95,1.6849252578154994,True,False,False,False
2025-08-06,56800,"상승
				2,100",55400,57200,54100,3966137,56080.0,56685.0,52637.5,51.576736177871226,-153.07446427123796,115.39096662785273,-268.4654308990907,2668284.15,1.486399789917427,False,False,False,False
2025-08-07,63600,"상승
				6,800",57900,63600,57400,11910000,57200.0,56825.0,53071.666666666664,66.63464643983338,447.0703329756652,181.72683989741523,265.34349307825,3106284.65,3.8341624615760828,True,True,False,True
2025-08-08,63800,"상승
				200",62500,65300,61700,7219790,58860.0,57015.0,53502.5,66.96007485209834,928.1288455426038,331.00724102645296,597.1216045161509,3344000.25,2.1590279486372648,True,False,False,False
2025-08-11,64200,"상승
				400",64200,65700,63500,4002999,60620.0,57310.0,53945.0,67.63988013722486,1326.358405581741,530.0774739375106,796.2809316442303,3370682.25,1.1875931052237274,False,False,False,False
2025-08-12,63700,"하락
				500",63800,64700,62700,2620057,62420.0,57635.0,54383.333333333336,65.81691770758366,1583.3603867453785,740.7340564990842,842.6263302462943,3352700.45,0.781476615365384,False,False,False,False
2025-08-13,63500,"하락
				200",64600,64800,62100,2791808,63760.0,58005.0,54834.166666666664,65.06157483626234,1750.716806326629,942.7306064645933,807.9861998620357,3400043.2,0.8211095670784417,False,False,False,False
2025-08-14,64400,"상승
				900",63000,65200,63000,3339635,63920.0,58350.0,55298.333333333336,66.90235082367178,1933.6801913965319,1140.9205234509811,792.7596679455507,3401124.9,0.9819207168781129,False,False,False,False
2025-08-18,65000,"상승
				600",64800,65500,64000,1926649,64160.0,58755.0,55757.5,68.10867385167731,2102.854579227409,1333.3073346062667,769.5472446211422,3430753.55,0.5615818717144518,False,False,False,False
2025-08-19,65200,"상승
				200",65500,66600,63700,2712501,64360.0,59170.0,56223.333333333336,68.52054100557993,2227.388876482626,1512.1236429815388,715.2652335010873,3510791.65,0.7726180504046716,False,False,False,False
2025-08-20,65300,"상승
				100",63800,65700,62300,3436218,64680.0,59610.0,56688.333333333336,68.73793966627937,2307.552341551731,1671.2093826955772,636.3429588561537,3618897.25,0.9495207414358061,False,False,False,False
2025-08-21,64000,"하락
				1,300",65900,67800,62900,4221004,64780.0,60060.0,57105.0,62.67794312954002,2240.3578786679573,1785.0390818900532,455.318796777904,3736860.75,1.1295588148421105,False,False,False,False
2025-08-22,63600,"하락
				400",63400,64700,63100,2234317,64620.0,60535.0,57482.5,60.89889936675973,2130.272668389589,1854.0857991899604,276.1868691996285,3750153.85,0.5957934232484888,False,False,False,False
2025-08-25,64700,"상승
				1,100",64100,64900,63500,1853582,64560.0,60980.0,57865.833333333336,63.93086967295002,2107.4962481613547,1904.7678889842393,202.7283591771154,3751712.5,0.4940629112705198,False,False,False,False
2025-08-26,65000,"상승
				300",64100,65800,64000,2393834,64520.0,61435.0,58215.833333333336,64.73403506322904,2089.5660471487863,1941.727520617149,147.8385265316374,3799553.5,0.6300303443549354,False,False,False,False
2025-08-27,64100,"하락
				900",65500,65500,63600,1845944,64280.0,61840.0,58572.5,60.3895617791507,1979.9105785816864,1949.3641322100566,30.546446371629827,3828212.05,0.4821948146785652,False,False,False,False
2025-08-28,63500,"하락
				600",63800,64300,62800,1229932,64180.0,62200.0,58911.666666666664,57.613542632779485,1823.5718430538254,1924.2056743788105,-100.63383132498507,3723987.15,0.3302728904421703,False,False,False,False
2025-08-29,62500,"하락
				1,000",64000,64300,61900,1704037,63960.0,62425.0,59260.0,53.222297978103384,1600.5307044715591,1859.4706803973604,-258.93997592580126,3706069.9,0.4597962385976584,False,False,False,False
2025-09-01,61200,"하락
				1,300",60600,62100,59500,2491823,63260.0,62710.0,59541.666666666664,48.09070467125558,1303.8400038219552,1748.3445450822794,-444.50454126032423,3717845.2,0.6702331232080345,False,False,False,False
2025-09-02,59300,"하락
				1,900",61700,62200,58200,3661180,62120.0,62905.0,59673.333333333336,41.75414999147267,904.9644975714473,1579.668535580113,-674.7040380086657,3495225.85,1.047480236506033,False,False,True,False
2025-09-03,58900,"하락
				400",59600,60400,58600,1641908,61080.0,63115.0,59821.666666666664,40.5429971006115,550.2333801663917,1373.7815044973688,-823.5481243309771,3360167.75,0.4886386996601583,False,False,False,False
2025-09-04,58500,"하락
				400",59000,59200,57400,2592577,60080.0,63200.0,59940.0,39.314876757925866,234.13084225454804,1145.8513720488047,-911.7205297942567,3291489.75,0.7876606633819838,False,False,False,False
2025-09-05,58500,보합0,60000,60000,58500,1536092,59280.0,62945.0,60073.333333333336,39.31487675792586,-16.195999041105097,913.4418978308228,-929.6378968719279,2772794.35,0.5539869914983057,False,False,False,False
2025-09-08,59200,"상승
				700",58700,60100,58600,1665995,58880.0,62715.0,60201.666666666664,42.829695973055784,-156.2959915201427,699.4943199606297,-855.7903114807724,2495104.6,0.667705474151264,False,False,False,False
2025-09-09,59600,"상승
				400",59700,59700,59000,1361280,58940.0,62485.0,60308.333333333336,44.79725627824851,-232.37096008325898,513.121263951852,-745.492224035111,2363018.65,0.5760767059540559,False,False,False,False
2025-09-10,59900,"상승
				300",60000,60800,59600,1665136,59140.0,62295.0,60443.333333333336,46.29024547345385,-265.39412964030635,357.4181852334204,-622.8123148737268,2315272.6,0.7191965213945001,False,False,False,False
2025-09-11,59900,보합0,60300,60600,59700,1793242,59420.0,62115.0,60521.666666666664,46.29024547345385,-288.24254875604674,228.28603843552696,-516.5285871915737,2265344.3,0.7915979924111316,False,False,False,False
2025-09-12,65500,"상승
				5,600",60500,66000,60200,6828797,60820.0,62170.0,60606.666666666664,66.12455680054552,143.86473027015018,211.40177680245162,-67.53704653230145,2439802.4,2.7989139612289913,True,False,False,False
2025-09-15,64000,"하락
				1,500",65000,65000,63700,2370450,61780.0,62120.0,60563.333333333336,59.7587510005138,361.11271548701916,241.34396453936515,119.76875094765401,2461992.45,0.9628177373167817,False,False,False,True
2025-09-16,62900,"하락
				1,100",64600,64700,62600,2130735,62440.0,62005.0,60485.0,55.53639898637767,439.4567185431224,280.96651534011664,158.49020320300576,2432904.15,0.8757989910946553,False,True,False,False
2025-09-17,62500,"하락
				400",63000,63300,62400,992359,62960.0,61865.0,60353.333333333336,54.041096460355526,463.9204620367309,317.5573046794395,146.3631573572914,2310711.2,0.42946041893941567,False,False,False,False
2025-09-18,64700,"상승
				2,200",63200,65100,62900,2541491,63920.0,61900.0,60275.0,60.36239283348494,653.2989452635011,384.70563279625185,268.59331246724923,2226735.55,1.141352865184193,False,False,False,False
2025-09-19,67000,"상승
				2,300",64800,68500,64700,5009911,64220.0,62070.0,60340.0,65.67742815473991,977.7031820336051,503.30514264372255,474.39803938988257,2365515.25,2.117894188168941,True,False,False,False
2025-09-22,66400,"하락
				600",67500,67600,65600,2276896,64700.0,62155.0,60431.666666666664,63.29311500618157,1172.8608811323065,637.2162903414394,535.6445907908671,2386680.95,0.9540009945610869,False,False,False,False
2025-09-23,63300,"하락
				3,100",66700,66700,62600,4850268,64780.0,62070.0,60486.666666666664,52.656686820413874,1065.1028290742252,722.7935980879965,342.3092309862286,2509502.65,1.932760660762801,True,False,False,False
2025-09-24,62800,"하락
				500",64600,65200,62600,2786106,64840.0,62005.0,60531.666666666664,51.16323795393344,928.6530409481056,763.9654866600184,164.6875542880872,2556510.75,1.0898080518534883,False,False,False,False
2025-09-25,63200,"상승
				400",62300,64000,62200,2815412,64540.0,61990.0,60606.666666666664,52.3280985980563,843.0738275621334,779.7871548404414,63.28667272169196,2635784.75,1.0681494382270782,False,False,False,False
2025-09-26,59300,"하락
				3,900",62400,62500,59100,4899137,63000.0,61830.0,60603.333333333336,41.84750309298581,455.3057962476305,714.8908831218793,-259.58508687424876,2795539.75,1.752483397884076,True,False,False,False
2025-09-29,60300,"상승
				1,000",59400,60700,58800,3131452,61780.0,61785.0,60635.0,44.895125110550424,226.0823438360094,617.1291752647053,-391.0468314286959,2827521.2,1.1074901931769776,False,False,True,False
2025-09-30,59600,"하락
				700",62000,62000,59600,2019879,61040.0,61800.0,60626.666666666664,43.18885739512927,-11.925572940454003,491.31822562367347,-503.2437985641275,2745456.15,0.7357170865759411,False,False,False,False
2025-10-01,60000,"상승
				400",59800,61100,59800,1644566,60480.0,61855.0,60613.333333333336,44.48719546213733,-166.35427613637148,359.7837252716645,-526.138001408036,2745589.05,0.5989847606654755,False,False,False,False
2025-10-02,59600,"하락
				400",60400,60800,59600,2321148,59760.0,61910.0,60598.333333333336,43.418596541233164,-317.3584820461474,224.35528380810212,-541.7137658542495,2732017.6,0.8496094607882467,False,False,False,False
2025-10-10,62100,"상승
				2,500",60500,62100,60400,2984964,60320.0,62090.0,60620.0,51.2932828561203,-232.61980027123354,132.96026699223498,-365.58006726346855,2804461.2,1.0643627374841198,False,False,False,False
2025-10-13,59800,"하락
				2,300",60700,60700,59600,2615559,60220.0,62120.0,60616.666666666664,45.07754973658598,-347.05394075788354,36.957425442211274,-384.0113662000948,2851939.4,0.9171159106676671,False,False,False,False
2025-10-14,59600,"하락
				200",60300,61300,59400,2138963,60220.0,62120.0,60638.333333333336,44.57175023747703,-448.7097039225482,-60.17600043074063,-388.5337034918076,2890823.55,0.7399147554336203,False,False,False,False
2025-10-15,59200,"하락
				400",59700,60200,59100,1659217,60060.0,62085.0,60671.666666666664,43.51997862222632,-555.1498636222386,-159.17077306904022,-395.9790905531984,2890527.6,0.5740187362334821,False,False,False,False
2025-10-16,58600,"하락
				600",59200,59900,58200,2296149,59860.0,62020.0,60713.333333333336,41.92196906121891,-680.0799048271583,-263.35259942066386,-416.72730540649445,2915672.95,0.7875193958224979,False,False,False,False
2025-10-17,58000,"하락
				600",58600,59500,57900,2052888,59040.0,61645.0,60721.666666666664,40.32728600879129,-818.0726162574865,-374.2966027880284,-443.7760134694581,2676877.5,0.7668965053499833,False,False,False,False
2025-10-20,58800,"상승
				800",58100,59000,56900,1646974,58840.0,61385.0,60753.333333333336,43.41783536471056,-853.0461352840066,-470.04650928722407,-382.9996259967825,2640703.7,0.6236875420744856,False,False,False,False
2025-10-21,62300,"상승
				3,500",59200,63000,59000,6975312,59380.0,61355.0,60843.333333333336,54.516618776016784,-591.5234378229216,-494.3418949943636,-97.18154282855795,2882932.55,2.419519665834707,True,False,False,False
2025-10-22,60900,"하락
				1,400",62800,62900,60000,2244634,59720.0,61275.0,60916.666666666664,50.26904322450103,-491.56664137536427,-493.7868442705638,2.2202028951995203,2945546.3,0.7620433601739685,False,False,False,True
2025-10-23,59000,"하락
				1,900",60200,60300,59000,2234207,59800.0,60990.0,60983.333333333336,45.12994144600759,-559.2179644848293,-506.8730683134169,-52.34489617141236,2930182.1,0.7624805980488379,False,False,False,False
2025-10-24,59200,"상승
				200",59700,59700,59000,1101507,60040.0,60600.0,61068.333333333336,45.758548113849926,-589.8938676106482,-523.4772281728632,-66.41663943778497,2734761.9,0.40277985443632225,False,False,False,False
2025-10-27,60900,"상승
				1,700",59500,61500,59200,2592815,60460.0,60325.0,61153.333333333336,50.906893589458086,-471.5927219957084,-513.1003269374322,41.5076049417238,2750557.85,0.942650597223396,False,True,False,True
2025-10-28,63700,"상승
				2,800",61900,64300,61300,5224554,60740.0,60345.0,61283.333333333336,57.981059864566994,-150.170539853003,-440.5143695205464,290.3438296675434,2769272.15,1.8866163081876948,True,False,False,False
2025-10-29,67700,"상승
				4,000",63800,69700,63100,11877149,62100.0,60590.0,61478.333333333336,65.60582240534555,422.4556203995744,-267.9203715365222,690.3759919360966,3223824.3,3.6841799970302356,True,False,False,False
2025-10-30,63500,"하락
				4,200",68000,68100,63200,5185767,63000.0,60605.0,61598.333333333336,54.436103525111925,531.2373058350786,-108.08883606220206,639.3261418972806,3342342.05,1.5515368931196016,True,False,False,False
2025-10-31,65100,"상승
				1,600",64700,66300,64600,3412818,64180.0,60895.0,61716.666666666664,57.410877200543084,738.0464633035226,61.13822381094288,676.9082394925797,3268026.1,1.0443056131038855,False,False,False,False
2025-11-03,64500,"하락
				600",66600,66900,64000,3029755,64900.0,61105.0,61866.666666666664,55.936051057640604,843.802396211242,217.6710582910027,626.1313379202393,3262941.25,0.9285349529354842,False,False,False,False
2025-11-04,64200,"하락
				300",64700,65500,63800,1815606,65000.0,61335.0,62013.333333333336,55.17287116878786,893.1120029484955,352.7592472225013,540.3527557259943,3252727.6,0.5581795413793642,False,False,False,False
2025-11-05,62700,"하락
				1,500",64800,65600,60500,5620424,64000.0,61470.0,62146.666666666664,51.39691573052105,801.9088514982141,442.5891680776439,359.3196834205702,3451520.5,1.6283907338809085,True,False,False,False
