날짜,시가,고가,저가,종가,거래량,전일비,MA5,MA20,MA60,RSI,MACD,MACD_Signal,MACD_Histogram,평균거래량,거래량비율,거래량신호,골든크로스,데드크로스,MACD_골든크로스
2024-11-04 00:00:00-05:00,876.7649709156689,882.3955630120632,872.1788553836278,881.4703979492188,1576700,0.0,,,,,0.0,0.0,0.0,,,False,False,False,False
2024-11-05 00:00:00-05:00,883.3903538300303,890.9310227253397,882.1965709379474,885.549072265625,1622300,4.07867431640625,,,,100.0,0.32536433293273603,0.0650728665865472,0.2602914663461888,,,False,False,False,False
2024-11-06 00:00:00-05:00,893.6169736851645,895.2285592562463,881.6792668070368,894.5819091796875,2437400,9.0328369140625,,,,100.0,1.2971397398230238,0.31148624123384255,0.9856534985891812,,,False,False,False,False
2024-11-07 00:00:00-05:00,893.9552074920276,914.7069074703983,889.727269484321,909.1857299804688,2145500,14.60382080078125,,,,100.0,3.208697176738724,0.8909284283348189,2.317768748403905,,,False,False,False,False
2024-11-08 00:00:00-05:00,909.2554005734511,957.00623123814,909.0066983304058,938.9006958007812,3277100,29.7149658203125,901.9375610351562,,,100.0,7.04021441153543,2.1207856249749413,4.9194287865604895,,,False,False,False,False
2024-11-11 00:00:00-05:00,938.9006499603273,946.3418619973933,926.6048262368926,928.037353515625,2181800,-10.86334228515625,911.2509521484375,,,82.28199093427014,9.095293607941585,3.51568722156827,5.579606386373315,,,False,False,False,False
2024-11-12 00:00:00-05:00,931.0915145506251,934.6827605409594,922.1879616766411,927.5400390625,1691400,-0.497314453125,919.6491455078125,,,81.56947450173428,10.562076513617967,4.92496507997821,5.637111433639757,,,False,False,False,False
2024-11-13 00:00:00-05:00,925.1722558528332,932.7228819473038,918.4075676311207,928.8828735351562,1757600,1.34283447265625,926.5093383789062,,,82.02216722518361,11.698020554190407,6.27957617482065,5.418444379369757,,,False,False,False,False
2024-11-14 00:00:00-05:00,922.1879576777825,926.3164393808215,917.3830131301753,919.0941162109375,1859900,-9.78875732421875,928.491015625,,,68.76315031838843,11.673824895679104,7.358425918992341,4.315398976686763,,,False,False,False,False
2024-11-15 00:00:00-05:00,912.9759839801593,915.7713947864202,900.8592178847833,902.3613891601562,2269900,-16.73272705078125,921.183154296875,,,52.99337483024032,10.187028704524778,7.924146476098829,2.2628822284259487,,,False,False,False,False
2024-11-18 00:00:00-05:00,905.9128655967279,921.1334308718814,902.4011607468076,914.73681640625,1797300,12.37542724609375,918.523046875,,,60.253537971212296,9.89328196807196,8.317973574493456,1.5753083935785046,,,False,False,False,False
2024-11-19 00:00:00-05:00,923.182669756341,929.1515232245932,911.6030794555356,925.321533203125,1690500,10.584716796875,918.079345703125,,,65.20374674106387,10.394759432219303,8.733330746038625,1.6614286861806775,,,False,False,False,False
2024-11-20 00:00:00-05:00,920.2778413432834,923.9785013351635,911.7423639140234,923.2622680664062,1452100,-2.05926513671875,916.955224609375,,,63.545580393087064,10.504924221630858,9.087649441157073,1.417274780473786,,,False,False,False,False
2024-11-21 00:00:00-05:00,930.1463199119647,953.514371218138,925.1722754204569,950.6891479492188,2320500,27.4268798828125,923.2742309570312,,,73.2887223076387,12.659420680093604,9.80200368894438,2.8574169911492238,,,False,False,False,False
2024-11-22 00:00:00-05:00,957.7423105719569,971.2319168258282,953.5442461591833,959.0057373046875,2078700,8.31658935546875,934.6031005859375,,,75.43287955408802,14.866581208042362,10.814919192763977,4.051662015278385,,,False,False,False,False
2024-11-25 00:00:00-05:00,969.9387171190242,969.9387171190242,944.7601052602878,955.9019775390625,3240900,-3.103759765625,942.8361328125,,,73.07533289586402,16.178824931450436,11.887700340501269,4.291124590949167,,,False,False,False,False
2024-11-26 00:00:00-05:00,958.995841944641,969.312006050833,955.9020006369054,966.4569091796875,1438000,10.554931640625,951.0632080078125,,,75.8406038640089,17.864550886290658,13.083070449659147,4.781480436631512,,,False,False,False,False
2024-11-27 00:00:00-05:00,966.4171234011523,967.2427711115869,953.6139370856898,956.5585327148438,1499500,-9.89837646484375,957.7224609375,,,68.71335785526247,18.192077647032193,14.104871889133756,4.087205757898436,,,False,False,False,False
2024-11-29 00:00:00-05:00,963.0645959468252,968.2176988762221,957.4737139447287,966.8348999023438,1095900,10.2763671875,960.951611328125,,,71.68809991476516,19.061136991379158,15.096124909582837,3.9650120817963206,,,False,False,False,False
2024-12-02 00:00:00-05:00,966.3176015734366,971.4309341195913,959.7518868283124,969.938720703125,1955800,3.10382080078125,963.1382080078125,930.2155059814453,,72.5374238100089,19.772401248221854,16.03138017731064,3.741021070911213,1969440.0,0.9930741733690795,False,False,False,False
2024-12-03 00:00:00-05:00,969.6303391073837,977.8971990634088,965.720747215231,977.0516357421875,1653900,7.1129150390625,967.3681396484375,934.9945678710938,,74.43047619178111,20.671745085066846,16.959453158861884,3.712291926204962,1973300.0,0.8381391577560432,False,False,False,False
2024-12-04 00:00:00-05:00,976.9023832303484,986.004909357348,972.475471284877,985.7760620117188,1784700,8.72442626953125,971.2319702148437,940.0059173583984,,76.56436605900875,21.836749388026874,17.93491240469488,3.901836983331993,1981420.0,0.9007176671276156,False,False,False,False
2024-12-05 00:00:00-05:00,981.5381335200826,984.9901520151606,973.1220889918121,977.1610107421875,2089400,-8.61505126953125,975.3524658203125,944.1348724365234,,70.32335943625672,21.813409645049774,18.71061185276586,3.102797792283912,1964020.0,1.0638384537835663,False,False,False,False
2024-12-06 00:00:00-05:00,977.1610272737681,992.5308373541126,977.1610272737681,987.457275390625,1737300,10.2962646484375,979.4769409179687,948.0484497070313,,73.14122733546817,22.36789210162351,19.442067902537392,2.9258241990861187,1943610.0,0.8938521616991063,False,False,False,False
2024-12-09 00:00:00-05:00,991.8345211778834,991.8345211778834,975.4102150323711,982.7319946289062,1855500,-4.72528076171875,982.035595703125,950.2400146484375,,69.86266355383131,22.17046545154699,19.987747412339314,2.182718039207675,1872530.0,0.9909053526512259,False,False,False,False
2024-12-10 00:00:00-05:00,984.5922933810187,989.8249984425452,980.7623030135209,988.2432861328125,1556800,5.51129150390625,984.27392578125,953.2503112792969,,71.46904314537807,22.202778760755336,20.43075368202252,1.772025078732817,1841280.0,0.8454987834549879,False,False,False,False
2024-12-11 00:00:00-05:00,989.8348775949636,1002.5684196555368,988.4322237307131,989.5264892578125,1903600,1.283203125,985.0240112304688,956.3496337890625,,71.84533121037488,22.07743611827459,20.760090169272935,1.3173459490016555,1851890.0,1.0279228247898093,False,False,False,False
2024-12-12 00:00:00-05:00,996.4802051755972,997.2660823744309,982.0853490533167,983.2592163085938,2344300,-6.26727294921875,986.24365234375,959.0684509277344,,67.18472374481506,21.227685081997038,20.853609151817757,0.37407593017928065,1881225.0,1.2461560950976092,False,False,False,False
2024-12-13 00:00:00-05:00,975.907542239093,1001.4542278017225,960.71679072973,984.2141723632812,2951900,0.9549560546875,985.5950317382812,962.3244537353515,,67.53035339974147,20.396193612558136,20.762126043965836,-0.3659324314076997,1935825.0,1.5248795733085376,True,False,False,False
2024-12-16 00:00:00-05:00,983.9157649651188,1003.0161086597543,981.2496843056606,987.7159423828125,2581300,3.50177001953125,986.5918212890625,966.5921813964844,,68.82694503435243,19.79164840458361,20.568030516089394,-0.7763821115057823,1951395.0,1.3227972809195474,False,False,False,False
2024-12-17 00:00:00-05:00,988.8401003604696,991.7449255052682,975.6688395233157,976.9819946289062,2050200,-10.73394775390625,984.3395629882813,969.7044403076172,,60.81084330744793,18.236186686860833,20.101661750243682,-1.8654750633828492,1964040.0,1.0438687603103807,False,False,False,False
2024-12-18 00:00:00-05:00,976.9024071414563,980.4836951410009,958.9958457070915,959.7319946289062,2725300,-17.25,978.3806640625,971.4249633789062,,50.60962284948698,15.433631931529817,19.16805578650091,-3.7344238549710944,2015780.0,1.3519828552719046,False,False,False,False
2024-12-19 00:00:00-05:00,969.4512730250605,969.5806030451516,948.5602852163025,949.8435668945312,2610800,-9.888427734375,971.6975341796875,972.7540283203125,,45.86030858794849,12.273195857442488,17.789083800689227,-5.515887943246739,2073715.0,1.2589965352037287,False,False,True,False
2024-12-20 00:00:00-05:00,944.461672062604,956.9465120887567,938.1545566806761,949.1173706054688,5373800,-0.7261962890625,964.678173828125,972.675439453125,,45.5224500490828,9.599275060013497,16.151122052554083,-6.551846992540586,2226380.0,2.4136939785661027,True,False,False,False
2024-12-23 00:00:00-05:00,948.9283659756713,949.306398234094,932.1359860441133,944.9789428710938,1856800,-4.138427734375,956.1307739257812,971.9740997314453,,43.553273030647134,7.0647984329607425,14.333857328635416,-7.269058895674673,2215285.0,0.8381765777315334,False,False,False,False
2024-12-24 00:00:00-05:00,945.8046391890595,954.3998029784138,940.5421217701419,953.8427124023438,939000,8.86376953125,951.5029174804688,971.8711364746093,,48.67435051676445,5.705668178555243,12.608219498619382,-6.9025513200641395,2100190.0,0.44710240502049814,False,False,False,False
2024-12-26 00:00:00-05:00,951.8530985360982,954.4296196919018,949.04773003533,951.1766357421875,969000,-2.66607666015625,949.791845703125,971.1071228027344,,47.284773083310995,4.363122198042106,10.959200038503928,-6.596077840461822,2076740.0,0.46659668518928704,False,False,False,False
2024-12-27 00:00:00-05:00,943.7951572995162,945.5162181433221,927.1619801059298,934.822021484375,1943400,-16.3546142578125,946.7875366210938,970.020297241211,,39.78200371454588,1.956906150600389,9.15874126092322,-7.201835110322831,2098935.0,0.9258981340536987,False,False,False,False
2024-12-30 00:00:00-05:00,926.1670777880047,929.3206049722553,910.7475399730594,917.4227294921875,1881200,-17.3992919921875,940.4486083984375,967.5496887207031,,33.66242362362898,-1.3385844859526514,7.059276111548046,-8.397860597500697,2138200.0,0.8798054438312599,False,False,False,False
2024-12-31 00:00:00-05:00,918.855305706374,919.9396134534214,907.8029321890816,911.5136108398438,1742900,-5.90911865234375,933.7555419921875,964.6284332275391,,31.869405227942238,-4.376649754824143,4.7720909382736085,-9.148740693097752,2127555.0,0.8192032638404178,False,False,False,False
2025-01-02 00:00:00-05:00,910.2501578692055,920.9642693211997,897.3176419650529,905.0870971679688,1765100,-6.426513671875,924.0044189453125,961.0302062988281,,29.997994989530554,-7.2196803324106895,2.373736684136749,-9.593417016547438,2133115.0,0.827475311926455,False,False,False,False
2025-01-03 00:00:00-05:00,909.5836404195887,919.4123572293847,906.2709097746078,911.8219604492188,1612200,6.73486328125,916.1334838867188,957.3325012207031,,34.348857528082334,-8.827596331361292,0.13347008103714086,-8.961066412398432,2124490.0,0.7588644804164765,False,False,False,False
2025-01-06 00:00:00-05:00,913.2147392292196,922.59578073946,908.5292277356873,917.9202270507812,1970400,6.0982666015625,912.753125,954.3704620361328,,38.10044206157406,-9.500288780199526,-1.7932816912101925,-7.707007088989333,2118540.0,0.9300744852587159,False,False,False,False
2025-01-07 00:00:00-05:00,919.0443067937457,926.4755003413892,911.6727386347334,916.5870971679688,1888000,-1.3331298828125,912.5859985351562,950.826953125,,37.59467617066451,-10.025408167745013,-3.439706986517157,-6.585701181227856,2126075.0,0.8880213539033195,False,False,False,False
2025-01-08 00:00:00-05:00,918.1886826379906,925.669664861791,910.6679299174968,922.555908203125,1774800,5.96881103515625,914.7944580078125,947.818148803711,,41.3487015415357,-9.846432355550292,-4.721052060323784,-5.125380295226507,2122040.0,0.8363650072571677,False,False,False,False
2025-01-10 00:00:00-05:00,928.5148609264771,939.3782183066136,918.7060593160302,932.0762939453125,2765800,9.5203857421875,920.1922973632812,945.009799194336,,46.84156894581556,-8.834538114647103,-5.543749271188449,-3.290788843458654,2182490.0,1.2672681203579397,False,False,False,False
2025-01-13 00:00:00-05:00,929.1515523305337,930.1364034687152,916.2190360775392,919.8998413085938,1693800,-12.17645263671875,921.8078735351562,941.528466796875,,41.489621076086415,-8.912405935505149,-6.217480604051789,-2.6949253314533594,2172000.0,0.7798342541436464,False,False,False,False
2025-01-14 00:00:00-05:00,919.501873250007,922.9439339741884,905.1965161130208,912.4685668945312,1683800,-7.4312744140625,920.7175415039062,937.9889343261718,,38.59160692194389,-9.464655823219346,-6.866915647885301,-2.597740175334045,2138975.0,0.787199476384717,False,False,False,False
2025-01-15 00:00:00-05:00,922.4466072947804,928.0274712380343,913.533096755215,918.7061157226562,1839400,6.237548828125,921.1413452148438,934.7135314941406,,42.23859327589092,-9.291888668350452,-7.351910251978332,-1.9399784163721208,2083350.0,0.882904936760506,False,False,False,False
2025-01-16 00:00:00-05:00,919.9296540063372,922.5858376001123,913.0555509294373,914.9755249023438,1353000,-3.7305908203125,919.6252685546875,931.0765106201172,,40.682407666215234,-9.348236305690648,-7.751175462720795,-1.597060842969853,2021935.0,0.6691609769849179,False,False,False,False
2025-01-17 00:00:00-05:00,925.1723514023772,938.9007031827482,919.770545927162,938.2938842773438,2375000,23.318359375,920.8687866210937,929.1421051025391,,52.469993759895274,-7.425696683314072,-7.68607970683945,0.2603830235253781,2038175.0,1.165258135341666,False,False,False,True
2025-01-21 00:00:00-05:00,940.3431349986424,951.5844636912492,938.6022193824058,942.8102416992188,2042400,4.516357421875,925.4508666992188,928.2960174560546,,54.361667049866206,-5.4745308978458525,-7.243769945040731,1.769239047194879,2004030.0,1.019146419963773,False,False,False,False
2025-01-22 00:00:00-05:00,946.2920298744242,946.9983660366099,934.3642811385506,939.7959594726562,2155000,-3.0142822265625,930.9163452148438,927.7936370849609,,52.84983960251388,-4.123907501118197,-6.619797456256225,2.4958899551380282,1981240.0,1.0877026508651149,False,True,False,False
2025-01-23 00:00:00-05:00,936.8016949863448,938.4928824396633,931.6286760131508,937.2692260742188,1352400,-2.5267333984375,934.6289672851562,927.2012298583984,,51.55551042361179,-3.2202934585303638,-5.939896656711053,2.719603198180689,1780170.0,0.7597027250206441,False,False,False,False
2025-01-24 00:00:00-05:00,937.2691085479889,941.1289718634916,928.7137764592529,934.802001953125,1562400,-2.46722412109375,938.5942626953125,926.6923828125,,50.26111475858816,-2.6724508370057265,-5.286407492769988,2.6139566557642615,1765450.0,0.8849868305531168,False,False,False,False
2025-01-27 00:00:00-05:00,925.1723629018551,961.9703378146005,922.3669942571798,960.2393798828125,3044700,25.4373779296875,942.9833618164063,927.0122161865235,,61.10400903090857,-0.183581588291986,-4.265842311874388,4.082260723582402,1870735.0,1.627542115799405,True,False,False,False
2025-01-28 00:00:00-05:00,956.8371117373176,960.6969753302941,949.1173845513647,953.6934814453125,2166400,-6.5458984375,945.160009765625,927.1380584716796,,57.62283752836769,1.246299361848969,-3.1634139771297165,4.409713338978685,1930605.0,1.1221352891969099,False,False,False,False
2025-01-29 00:00:00-05:00,952.8280038041619,963.2337273194853,950.0425508771912,959.0157470703125,1713700,5.322265625,949.0039672851562,928.3477447509765,,59.63636672968498,2.776941815812961,-1.9753428185411812,4.752284634354142,1919120.0,0.8929613572887574,False,False,False,False
2025-01-30 00:00:00-05:00,965.2631096884943,981.6277290197693,965.0641357553153,973.9279174804688,1788200,14.91217041015625,956.3357055664062,931.1730041503906,,64.6976298834736,5.134091898608403,-0.5534558751112643,5.687547773719667,1914470.0,0.9340444091576259,False,False,False,False
2025-01-31 00:00:00-05:00,971.1722768560514,985.8556666309961,970.7147036000844,974.7933959960938,1873800,0.865478515625,964.333984375,934.3369934082032,943.0603108723958,64.97215507429146,6.991394757901276,0.9555142514912437,6.035880506410032,1921015.0,0.9754218473046801,False,False,False,False
2025-02-03 00:00:00-05:00,967.3422898821311,1004.3690498723846,963.9101868594798,1000.6087036132812,2751000,25.8153076171875,972.4078491210937,939.1130737304687,945.0459493001302,71.97313143731537,10.42621333498164,2.8496540681893228,7.576559266792317,1970310.0,1.3962269896615254,False,False,False,False
2025-02-04 00:00:00-05:00,1000.1809641472771,1019.0325455809216,994.4608125616448,1016.5554809570312,2001600,15.94677734375,984.9802490234375,944.3497497558594,947.229389444987,75.26229124349375,14.270600859147407,5.13384342638094,9.136757432766467,1989780.0,1.0059403552151494,False,False,False,False
2025-02-05 00:00:00-05:00,1014.7051955380567,1037.6753016975345,1014.7051955380567,1037.4664306640625,2047600,20.91094970703125,1000.6703857421875,950.3270599365235,949.6107981363932,78.77917609894187,18.788067404748176,7.8646882220543874,10.92337918269379,1993640.0,1.0270660701029273,False,False,False,False
2025-02-06 00:00:00-05:00,1044.549328606887,1057.4818441039247,1038.7793885027868,1045.5341796875,2218000,8.0677490234375,1014.9916381835938,956.7744140625,951.8832722981771,79.9627621447036,22.75686513431367,10.843123604506244,11.913741529807426,2010140.0,1.1034057329340246,False,False,False,False
2025-02-07 00:00:00-05:00,1042.7158290620441,1052.3860582588973,1031.2728541879742,1039.5389404296875,1632900,-5.9952392578125,1027.9407470703125,962.6235656738281,953.5605763753255,76.54611919717549,25.128731846206733,13.700245252846342,11.428486593360391,2003045.0,0.8152088445341967,False,False,False,False
2025-02-10 00:00:00-05:00,1047.6953764629568,1058.6503661408015,1041.7199275477687,1057.5748291015625,2036900,18.035888671875,1039.3339721679688,968.8984924316406,955.7195343017578,79.39803190395737,28.139425012013817,16.58808120467984,11.551343807333978,1966600.0,1.035746974473711,False,False,False,False
2025-02-11 00:00:00-05:00,1055.5729210407567,1061.6379669434127,1044.747405546483,1054.00927734375,1748500,-3.5655517578125,1046.8247314453124,975.6039642333984,957.8273549397786,77.39445847758756,29.8931215115299,19.24908926604985,10.644032245480048,1969335.0,0.8878631619302962,False,False,False,False
2025-02-12 00:00:00-05:00,1049.836514349132,1062.6339087106323,1046.6993796203135,1060.7615966796875,1662300,6.7523193359375,1051.4837646484375,983.0186157226562,960.0253336588542,78.50089576259921,31.465084453772192,21.69228830359432,9.772796150177872,1968260.0,0.8445530570148253,False,False,False,False
2025-02-13 00:00:00-05:00,1062.643942524079,1073.8180025552424,1060.293613927973,1072.45361328125,1623300,11.6920166015625,1056.8676513671876,990.7059906005859,962.5813252766927,80.29902438540326,33.27079937156509,24.007990517188475,9.262808854376615,1957455.0,0.8292910948144402,False,False,False,False
2025-02-14 00:00:00-05:00,1072.075170860943,1073.081047804035,1063.6398581254607,1067.464111328125,1410700,-4.989501953125,1062.452685546875,998.330419921875,965.3330373128255,77.3267914910603,33.90835592489634,25.98806359873005,7.92029232616629,1960340.0,0.7196200659069345,False,False,False,False
2025-02-18 00:00:00-05:00,1064.8348630115465,1066.6175774170795,1040.9629749796834,1051.7088623046875,2090600,-15.7552490234375,1061.2794921875,1004.0011688232422,967.6159047444661,68.68175713760857,32.76461705256099,27.34337428949624,5.421242763064754,1946120.0,1.074240026308758,False,False,False,False
2025-02-19 00:00:00-05:00,1051.7387955270397,1058.829656532313,1048.6912583027663,1058.1922607421875,1349600,6.4833984375,1062.1160888671875,1009.7702697753906,969.8304168701172,70.16016827679746,32.01233357149977,28.277166145896945,3.735167425602821,1911480.0,0.7060497624877059,False,False,False,False
2025-02-20 00:00:00-05:00,1049.3286716003133,1049.3286716003133,1029.6196105247425,1030.5955810546875,2000500,-27.5966796875,1056.0828857421875,1014.3102508544922,971.6193054199218,57.679020641275784,28.856680230109987,28.393068962739555,0.4636112673704318,1903755.0,1.050817988659255,False,False,False,False
2025-02-21 00:00:00-05:00,1030.3763526124105,1031.9697810848284,1020.4870543353586,1030.794677734375,1816300,0.1990966796875,1047.7510986328125,1018.9865234375,972.9543975830078,57.73743392609661,26.07133355554754,27.928721881301154,-1.8573883257536146,1926950.0,0.942577648615688,False,False,False,False
2025-02-24 00:00:00-05:00,1024.3313786338022,1033.9417947537859,1021.0248955893337,1031.3624267578125,1759700,0.5677490234375,1040.53076171875,1023.8145446777344,974.1603424072266,57.9158162796156,23.63726319352304,27.070430143745533,-3.4331669502224926,1936815.0,0.9085534756804341,False,False,False,False
2025-02-25 00:00:00-05:00,1036.471491613639,1052.6948746259638,1033.2148524423203,1051.3404541015625,2083800,19.97802734375,1040.457080078125,1028.3695983886719,975.7509836832683,63.71888303480321,23.05454627983113,26.267253370962653,-3.2127070911315236,1888770.0,1.103257675630172,False,False,False,False
2025-02-26 00:00:00-05:00,1045.843009481505,1054.557205879427,1025.964721515308,1027.747314453125,1555700,-23.5931396484375,1034.3680908203125,1032.0722900390624,976.7724904378255,54.21174380043339,20.453197999087934,25.10444229658771,-4.651244297499776,1858235.0,0.8371922819234381,False,False,False,False
2025-02-27 00:00:00-05:00,1029.768985663241,1038.2641110179034,1014.6610766555812,1017.529296875,1629100,-10.218017578125,1031.754833984375,1034.9979675292968,977.7886698404948,50.68459887630534,17.366907225902082,23.556935282450585,-6.190028056548503,1854005.0,0.8786923444111532,False,False,True,False
2025-02-28 00:00:00-05:00,1026.3929874290288,1045.0862047416954,1019.8000796737465,1044.3193359375,3307100,26.7900390625,1034.459765625,1038.5175384521485,979.0800771077473,58.33810348098852,16.88805680487735,22.22315958693594,-5.335102782058588,1929950.0,1.7135677090080055,True,False,False,False
2025-03-03 00:00:00-05:00,1047.4364116160295,1061.6380713391586,1036.879809704869,1042.56640625,2422500,-1.7529296875,1036.7005615234375,1041.9061889648438,980.2905385335287,57.70702654572745,16.180597761426384,21.01464722183403,-4.834049460407645,1957385.0,1.2376206009548454,False,False,False,False
2025-03-04 00:00:00-05:00,1041.4510513042887,1043.6421222631566,1024.5206120868563,1032.6273193359375,2536800,-9.9390869140625,1032.9579345703125,1043.5071197509765,981.2167999267579,54.1314480115628,14.649064822427931,19.74153074195281,-5.09246591952488,1946675.0,1.3031451063993733,False,False,False,False
2025-03-05 00:00:00-05:00,1028.8527521671956,1046.6795324413965,1024.2915365864912,1043.4627685546875,1898600,10.83544921875,1036.101025390625,1044.8524841308595,982.1782450358073,57.24188422258519,14.146571262914222,18.622538846145094,-4.475967583230872,1941525.0,0.9778910907662791,False,False,False,False
2025-03-06 00:00:00-05:00,1028.7232440882276,1041.610358379888,1014.8801576892848,1022.419189453125,2594600,-21.0435791015625,1037.07900390625,1044.1001220703124,982.932548014323,50.131768582109956,11.912975169576157,17.280626110831307,-5.36765094125515,1968875.0,1.3178083931178972,False,False,False,False
2025-03-07 00:00:00-05:00,991.077968236202,998.3181787760273,938.9222659963895,960.3641357421875,5510700,-62.0550537109375,1020.2879638671875,1039.841619873047,982.4809956868489,35.95062110049511,5.076985624697045,14.839898013604454,-9.76291238890741,2133510.0,2.582926726380472,True,False,False,False
2025-03-10 00:00:00-04:00,951.5603719641854,955.7332297241644,920.2490767310682,930.5865478515625,4459900,-29.777587890625,997.8919921875,1034.3940002441407,981.6119049072265,31.36552952536806,-2.7121241424769096,11.329493582388181,-14.041617724865091,2274860.0,1.960516251549546,True,False,False,False
2025-03-11 00:00:00-04:00,927.1904790297871,934.1618360149735,917.430591407608,926.6825561523438,3204900,-3.90399169921875,976.7030395507812,1027.8493865966798,980.5858927408855,30.810715471804016,-9.095225159516758,7.244549834007194,-16.339774993523953,2333260.0,1.3735717408261403,False,False,False,False
2025-03-12 00:00:00-04:00,934.1618602173282,940.5157591827054,919.472214760819,923.2865600585938,2331600,-3.39599609375,952.6677978515625,1021.3132507324219,979.4818939208984,30.308486162124936,-14.263486611576354,2.9429425448904847,-17.20642915646684,2362415.0,0.9869561444538746,False,False,False,False
2025-03-13 00:00:00-04:00,918.2273104879016,919.7211727066997,883.8385730341728,886.9757080078125,3447200,-36.31085205078125,925.5791015625,1012.6239562988281,977.8771687825521,25.518731261686867,-21.046739632351205,-1.8549938905578534,-19.19174574179335,2451660.0,1.406067725541062,False,False,False,False
2025-03-14 00:00:00-04:00,888.1608798923112,903.2389444672211,877.9528209517093,900.2213134765625,3186400,13.24560546875,913.550537109375,1004.0123413085937,976.4772878011067,29.872425473042725,-25.06477572653546,-6.496950257753375,-18.567825468782083,2529815.0,1.2595387409751306,False,False,False,False
2025-03-17 00:00:00-04:00,897.9406900339285,919.6116615835388,894.3255385065314,912.859375,2256100,12.6380615234375,910.0051025390625,996.2821044921875,975.2296783447266,33.845818199109345,-26.919006781630287,-10.581361562528757,-16.337645219101532,2572085.0,0.8771483057519484,False,False,False,False
2025-03-18 00:00:00-04:00,909.2641442290565,913.8054829780174,893.1702952125978,894.3753051757812,2182000,-18.48406982421875,903.54365234375,988.4154266357422,973.8529001871744,31.0727873237864,-29.539495294743347,-14.372988308971676,-15.16650698577167,2576655.0,0.846834364709284,False,False,False,False
2025-03-19 00:00:00-04:00,899.1656358891055,906.4357533739241,892.3337204305576,900.3507690429688,1908500,5.9754638671875,898.956494140625,980.5233520507812,972.8632130940755,32.98433325627525,-30.779276980344093,-17.65424604324616,-13.125030937097932,2604600.0,0.7327420717192659,False,False,False,False
2025-03-20 00:00:00-04:00,897.8111601696334,903.7666712095004,890.441415849641,891.7361450195312,1891800,-8.6146240234375,899.9085815429687,973.5803802490234,971.8947560628255,31.62275348459724,-32.08706139138417,-20.540809112873763,-11.546252278510405,2599165.0,0.7278491361648837,False,False,False,False
2025-03-21 00:00:00-04:00,885.1133434036037,906.0473515788091,880.3429653820994,905.5394287109375,3447600,13.80328369140625,900.9722045898437,967.3176177978515,971.16845703125,36.169437981684716,-31.644897642412957,-22.761626818781604,-8.883270823631353,2680730.0,1.2860676009892829,False,False,False,False
2025-03-24 00:00:00-04:00,916.2354692672584,924.8500988087712,916.2354692672584,922.250732421875,2208100,16.7113037109375,902.8504760742187,961.8620330810547,970.789653523763,41.26176952409209,-29.60475198588017,-24.13025185220132,-5.474500133678852,2703150.0,0.8168618093705492,False,False,False,False
2025-03-25 00:00:00-04:00,922.8384006937879,928.4752142408838,918.7153262445679,926.4535522460938,1623000,4.20281982421875,909.2661254882812,955.6176879882812,970.3331675211589,42.50410801810632,-27.33370349993106,-24.77094218174727,-2.5627613181837923,2680110.0,0.6055721593516684,False,False,False,False
2025-03-26 00:00:00-04:00,930.5068327618178,935.5759709546342,919.6713477631961,925.945556640625,1644700,-0.50799560546875,914.3850830078125,950.5276000976562,969.9126495361328,42.387410978106885,-25.2834206774736,-24.87343788089254,-0.40998279658106185,2684560.0,0.6126516077122508,False,False,False,False
2025-03-27 00:00:00-04:00,925.7563543402839,939.0417954747511,924.2027400965379,934.9087524414062,1547000,8.96319580078125,923.0196044921875,946.3965728759765,969.9140950520833,45.24400310995216,-22.673930816198435,-24.43353646795372,1.7596056517552832,2680455.0,0.5771408212411698,False,False,False,True
2025-03-28 00:00:00-04:00,933.6638422329862,934.9087273559636,922.2108991015949,925.8558959960938,2100500,-9.0528564453125,927.0828979492187,940.4734008789062,970.0546478271484,42.92881047876885,-21.093231515210505,-23.765475477405076,2.672243962194571,2620125.0,0.8016793091932637,False,False,False,False
2025-03-31 00:00:00-04:00,918.5857621438265,990.9285396685266,918.2670642639558,941.9099731445312,3102000,16.0540771484375,931.01474609375,935.4405792236328,970.5612538655599,48.00962619692529,-18.33374606225118,-22.6791295943743,4.345383532123119,2654100.0,1.168757770995818,False,False,False,False
2025-04-01 00:00:00-04:00,938.5637301523174,953.8011125027112,934.9087643067132,950.4947509765625,2041500,8.58477783203125,935.8229858398438,931.333950805664,971.3180480957031,50.54507288378166,-15.27799887390438,-21.198903450280316,5.920904576375936,2629335.0,0.7764320636206493,False,True,False,False
2025-04-02 00:00:00-04:00,946.9493804609009,966.9173277312638,946.1127908265885,961.131103515625,1719900,10.6363525390625,942.8600952148438,927.2173675537109,972.1398671468099,53.56649469280827,-11.861302738905124,-19.33138330800528,7.470080569100155,2620400.0,0.6563501755457182,False,False,False,False
2025-04-03 00:00:00-04:00,927.2701706283369,977.3344316333654,924.2027565285647,963.1228637695312,3096900,1.99176025390625,948.5029174804688,924.2525512695313,972.8932444254557,54.13161930685342,-8.89034565859231,-17.243175778122687,8.352830119530378,2645515.0,1.170622733191836,False,False,False,False
2025-04-04 00:00:00-04:00,951.0922588016416,960.5733235972566,910.3994674271709,912.7298583984375,5167000,-50.39300537109375,945.8777099609375,921.8708374023438,972.8289571126302,40.651185921166736,-10.481313096399276,-15.890803241778006,5.409490145378729,2628330.0,1.965887084194146,True,False,False,False
2025-04-07 00:00:00-04:00,884.1173901131287,933.9825145270217,868.143046535537,904.4140014648438,4626600,-8.31585693359375,938.378515625,920.5622100830078,972.5265920003255,38.92836387926434,-12.271725595407702,-15.166987712503946,2.8952621170962445,2636665.0,1.7547166591129324,True,False,False,False
2025-04-08 00:00:00-04:00,928.236140925471,939.1313780703931,895.8890649933762,905.031494140625,3545400,0.61749267578125,929.2858642578125,919.4796569824218,972.0758453369141,39.13463901746041,-13.485363031088013,-14.83066277622076,1.3452997451327473,2653690.0,1.3360264386571152,False,False,False,False
2025-04-09 00:00:00-04:00,904.2845529941084,963.5012703845966,893.9968053217395,961.2405395507812,5084500,56.20904541015625,929.3077514648437,921.3773559570312,972.7648569742838,54.2745783049828,-9.798626766710186,-13.824255574318647,4.025628807608461,2791335.0,1.8215298414557908,True,False,False,False
2025-04-10 00:00:00-04:00,962.545176908658,989.3450370855955,939.0318012986937,960.3641357421875,4209100,-0.87640380859375,928.756005859375,925.04677734375,973.5631164550781,54.0488307969841,-6.868405475741156,-12.43308555460315,5.5646800788619935,2829430.0,1.4876141130899156,False,False,False,False
2025-04-11 00:00:00-04:00,960.0155715080145,966.2399969874514,939.3006348841246,959.4677734375,2721800,-0.8963623046875,938.1035888671875,928.0091003417969,974.2424774169922,53.802345099202526,-4.5658803122420295,-10.859644506130927,6.293764193888897,2806200.0,0.9699237402893592,False,False,False,False
2025-04-14 00:00:00-04:00,966.0308731987346,983.0907841006335,961.051332615236,975.312744140625,2219900,15.844970703125,952.2833374023437,931.1317687988281,975.2480977376302,57.49264797763916,-1.4458885148097806,-8.976893307866698,7.531004793056917,2804390.0,0.7915803436754517,False,False,False,False
2025-04-15 00:00:00-04:00,981.3180445683715,989.9326741454706,970.263488718536,972.9225463867188,1788200,-2.39019775390625,965.8615478515625,935.059130859375,975.8252421061198,56.7561323752493,0.8243558192178853,-7.016643482449782,7.840999301667667,2784700.0,0.6421517578195137,False,False,False,False
2025-04-16 00:00:00-04:00,968.152182602884,974.6455231109305,955.3149121215841,963.7901000976562,2531700,-9.1324462890625,966.3714599609375,938.2310974121094,976.1749064127604,53.914218389664384,1.8651286753063232,-5.240289050898561,7.105417726204884,2815860.0,0.8990858920542925,False,False,False,False
2025-04-17 00:00:00-04:00,969.2975221068612,995.8284692640219,968.0127616791704,990.4306640625,2711100,26.64056396484375,972.384765625,943.1658233642578,977.0188181559245,60.17831864992105,4.784467170288394,-3.2353378066611698,8.019804976949564,2856825.0,0.9489905752014912,False,False,False,False
2025-04-21 00:00:00-04:00,988.9367129481171,992.9103764194947,939.111403057332,953.8508911132812,2841300,-36.57977294921875,971.2613891601562,945.581396484375,977.2951792399089,50.10726874479762,4.099129776729342,-1.7684442899830675,5.867574066712409,2826510.0,1.0052326013352155,False,False,False,False
2025-04-22 00:00:00-04:00,965.7818940221036,983.4094798055746,962.824076099078,975.2230834960938,2230600,21.3721923828125,971.24345703125,948.230014038086,977.9688639322917,54.860452976968475,5.220375031382105,-0.370680425710033,5.591055457092137,2827635.0,0.788857119111908,False,False,False,False
2025-04-23 00:00:00-04:00,990.4506030387015,991.6755506245464,965.0350073363651,971.8470458984375,2109700,-3.37603759765625,971.0283569335937,950.4996887207031,978.1623250325521,53.98553436286388,5.770038541836811,0.8574633677993359,4.9125751740374755,2851970.0,0.739734288930108,False,False,False,False
2025-04-24 00:00:00-04:00,969.616152167466,973.9981723490489,956.778942289143,971.4884643554688,2468500,-0.35858154296875,972.5680297851562,952.7768341064453,978.4589080810547,53.88723301069975,6.106326370909642,1.9072359684213973,4.1990904024882445,2893160.0,0.8532193172862891,False,False,False,False
2025-04-25 00:00:00-04:00,969.9846106973959,974.3168475274338,958.9400235926236,973.1615600585938,1780900,1.673095703125,969.114208984375,954.6894744873047,978.6946716308594,54.30531867441126,6.433678300251131,2.812524434787344,3.621153865463787,2904855.0,0.6130770726938177,False,False,False,False
2025-04-28 00:00:00-04:00,974.4960742306874,981.268237142353,964.8158766917682,974.535888671875,1616200,1.37432861328125,973.2512084960938,957.1234741210938,978.7048044840495,54.6688944106762,6.7264653901080464,3.5953126258514847,3.1311527642565617,2880640.0,0.5610558764718951,False,False,False,False
2025-04-29 00:00:00-04:00,973.9981365105998,989.1459208231279,967.0865317607954,987.64208984375,1523100,13.106201171875,975.735009765625,959.4100799560547,978.9189493815104,58.093288554735146,7.92471103387652,4.461192307456492,3.463518726420028,2801695.0,0.5436351922675381,False,False,False,False
2025-04-30 00:00:00-04:00,985.9490773472851,993.6773343862991,972.5541004525052,990.4306640625,2212400,2.78857421875,979.4517333984375,961.4068756103516,978.7493153889974,58.806319037838406,8.995647746200802,5.368083395205354,3.6275643509954483,2810240.0,0.7872637212480073,False,False,False,False
2025-05-01 00:00:00-04:00,986.0486658315448,1002.2620801974849,980.9695584219005,994.9520874023438,1829900,4.52142333984375,984.1444580078125,963.0979248046875,978.3892588297526,59.99487010820087,10.092869565061164,6.313040629176516,3.779828935884648,2815740.0,0.6498824465327054,False,False,False,False
2025-05-02 00:00:00-04:00,1005.0138864585736,1015.1554518777768,1001.8028522991083,1005.4825439453125,1547400,10.53045654296875,990.6086547851562,965.2159088134765,977.8561940511067,62.69457300982816,11.677534252039777,7.385939353749169,4.291594898290608,2738265.0,0.5651023549583404,False,False,False,False
2025-05-05 00:00:00-04:00,1004.6946944338356,1014.9360161425689,999.698684288233,1012.0540771484375,1952600,6.571533203125,998.1122924804688,970.1821197509765,977.2981923421224,64.31307631383777,13.310228216707742,8.570797126340883,4.739431090366859,2577545.0,0.7575425453289856,False,False,False,False
2025-05-06 00:00:00-04:00,1005.6321320250697,1013.3903609659341,1000.7059332772625,1007.6763916015625,1381200,-4.377685546875,1002.1191528320312,975.3452392578125,976.7671498616536,62.37177816631794,14.088503806748577,9.674338462422423,4.414165344326154,2415275.0,0.5718603471654367,False,False,False,False
2025-05-07 00:00:00-04:00,1008.3544617531236,1011.2662853819788,998.6715724052643,1004.3357543945312,1316000,-3.34063720703125,1004.9001708984375,980.3104522705078,975.8798319498698,60.8620153665543,14.271221556712703,10.593715081280479,3.6775064754322244,2303805.0,0.5712289017516673,False,False,False,False
2025-05-08 00:00:00-04:00,1010.6679640571494,1014.1581839626255,988.629742714128,1004.8941650390625,1882600,0.55841064453125,1006.8885864257812,982.4931335449219,975.0612467447917,61.031816199949716,14.296287064006492,11.334229477825682,2.9620575861808103,2143710.0,0.8781971442032738,False,False,False,False
2025-05-09 00:00:00-04:00,1001.8028758852824,1007.8858676125433,995.2612084563051,1005.273193359375,1176700,0.3790283203125,1006.8467163085937,984.7385864257812,974.1364400227865,61.15500722248611,14.183240509073471,11.90403168407524,2.2792088249982303,1992090.0,0.590686163777741,False,False,False,False
2025-05-12 00:00:00-04:00,1006.9683333290195,1014.068433124495,989.4673852681626,1013.3106079101562,2069000,8.03741455078125,1007.0980224609375,987.4307281494141,973.1507232666015,63.7705398896257,14.574200175110605,12.438065382282314,2.1361347928282903,1959450.0,1.0559085457653934,False,False,False,False
2025-05-13 00:00:00-04:00,1010.887358021192,1020.9691541549438,984.8403493613687,996.2384643554688,2917000,-17.0721435546875,1004.8104370117187,988.4770141601563,971.9636291503906,55.259401553555804,13.352539456958198,12.620960197217492,0.7315792597407054,1994305.0,1.4626649384121286,False,False,False,False
2025-05-14 00:00:00-04:00,995.969205168598,997.0661071263447,987.7522396873176,988.7693481445312,2215000,-7.4691162109375,1001.6971557617187,989.2693542480469,970.9146372477213,51.99010656144753,11.647405242639138,12.426249206301822,-0.778843963662684,2015645.0,1.0989038248302652,False,False,False,False
2025-05-15 00:00:00-04:00,989.8763311289509,1011.1666499552415,980.253271110456,1007.646484375,2470700,18.87713623046875,1002.2476196289062,991.4621734619141,970.0722076416016,58.64878157940343,11.684608332510493,12.277921031543556,-0.5933126990330635,2012595.0,1.2276190689135171,False,False,False,False
2025-05-16 00:00:00-04:00,1009.6608107422688,1025.3867644395075,1006.1805725142287,1022.9635009765625,2033700,15.3170166015625,1005.7856811523437,993.0888153076172,969.9450063069661,63.118575684009805,12.802468392989908,12.382830503832828,0.4196378891570802,1978725.0,1.02778304211045,False,False,False,True
2025-05-19 00:00:00-04:00,1015.7536990914957,1032.0979150804442,1010.059693512321,1031.44970703125,1879800,8.4862060546875,1009.4135009765625,996.9687561035156,969.955923461914,65.35311246229493,14.209349910343576,12.748134385134978,1.4612155252085977,1930650.0,0.9736617201460648,False,False,False,False
2025-05-20 00:00:00-04:00,1027.1318221768126,1035.0994857439616,1027.1318221768126,1033.9227294921875,2271200,2.4730224609375,1016.9503540039062,999.9037384033203,969.9985951741536,65.99960418213973,15.346955740933709,13.267898656294726,2.0790570846389826,1932680.0,1.175155742285324,False,False,False,False
2025-05-21 00:00:00-04:00,1028.0592530222482,1036.5654474133992,1020.9392501166756,1022.4351196289062,1438900,-11.48760986328125,1023.6835083007812,1002.4331420898437,969.5168395996094,60.36491892013346,15.14695774742006,13.643710474519795,1.503247272900266,1899140.0,0.75765872974083,False,False,False,False
2025-05-22 00:00:00-04:00,1024.8482026640293,1025.9052991256071,1011.2862296238567,1015.2850341796875,1660900,-7.15008544921875,1025.2112182617188,1004.6229705810547,969.3091349283854,57.097451304467796,14.247272072821602,13.764422794180156,0.4828492786414458,1858760.0,0.8935526910413394,False,False,False,False
2025-05-23 00:00:00-04:00,1009.1721657415872,1012.2734608529122,1004.1861372547216,1005.6819458007812,1413900,-9.60308837890625,1021.7549072265625,1006.248989868164,969.1116790771484,52.95180880937257,12.613969726909204,13.534332180725967,-0.9203624538167627,1840410.0,0.7682527262946843,False,False,False,False
2025-05-27 00:00:00-04:00,1012.1638018500347,1016.1027766015843,1008.1051672817207,1014.9459838867188,1868200,9.2640380859375,1018.4541625976562,1008.2694946289063,968.6221232096354,56.25177613559685,11.929579534238883,13.21338165142855,-1.2838021171896674,1853010.0,1.0081974733001982,False,False,False,False
2025-05-28 00:00:00-04:00,1014.2080685933236,1021.7569232215939,1010.1295312696731,1010.3090209960938,1674700,-4.636962890625,1013.7314208984375,1009.4028411865235,968.0845001220703,54.2024840140507,10.887526593900475,12.748210639922936,-1.8606840460224614,1860590.0,0.9000908314029421,False,False,False,False
2025-05-29 00:00:00-04:00,1013.1710310144208,1014.6967241731944,1000.7956734845686,1005.9213256835938,2016700,-4.3876953125,1010.428662109375,1010.1773742675781,967.6394002278646,52.26229675910594,9.59701339242281,12.117971190422912,-2.5209577980001026,1850805.0,1.089633970083288,False,False,False,False
2025-05-30 00:00:00-04:00,999.499221346479,1049.5489758815706,999.2000718212496,1037.2734375,5403800,31.35211181640625,1014.8263427734375,1012.2934417724609,967.5362447102865,62.57181265898423,10.977583041663024,11.889893560670934,-0.9123105190079102,2029500.0,2.6626262626262625,True,False,False,False
2025-06-02 00:00:00-04:00,1031.379989042547,1057.536675843453,1031.379989042547,1053.8968505859375,2148000,16.6234130859375,1024.4693237304687,1014.7141571044922,968.0608723958334,66.68058603328474,13.260209502576572,12.163956749052062,1.0962527535245101,2059530.0,1.0429564026743965,False,False,False,True
2025-06-03 00:00:00-04:00,1051.204341109286,1064.0981417601242,1040.3447571714644,1052.6402587890625,1992900,-1.256591796875,1032.0081787109375,1016.7434661865234,969.598807779948,66.0899667353941,14.797237617757332,12.690612922793116,2.106624694964216,2061545.0,0.9667021578476337,False,False,False,False
2025-06-04 00:00:00-04:00,1052.0520300520786,1054.8740784049621,1046.4377570035801,1048.751220703125,1422100,-3.8890380859375,1039.6966186523437,1018.7972076416015,971.5682189941406,64.19482835818121,15.522595779573294,13.257009494149152,2.265586285424142,2063590.0,0.6891388308724117,False,False,False,False
2025-06-05 00:00:00-04:00,1047.0660301715266,1048.1131448933847,1003.198959274392,1007.9855346679688,3289400,-40.76568603515625,1040.1094604492187,1018.9796966552734,972.9232686360677,48.49651028841058,12.662037096942981,13.138015014707918,-0.47597791776493636,2162260.0,1.521278662140538,True,False,False,False
2025-06-06 00:00:00-04:00,1017.7780456673582,1017.7780456673582,1005.791613827346,1012.1039428710938,1855400,4.118408203125,1035.0755615234375,1019.340185546875,974.4035583496094,49.83127723978024,10.605095910550745,12.631431193876484,-2.0263352833257393,2160900.0,0.8586237215974826,False,False,False,False
2025-06-09 00:00:00-04:00,1009.5910233489792,1010.5184173881113,994.184182415225,1003.3684692382812,1696700,-8.7354736328125,1024.9698852539063,1019.2449493408203,976.3434377034505,47.04621304595832,8.175829609642506,11.740310877029689,-3.5644812673871833,2186900.0,0.7758470894874022,False,False,False,False
2025-06-10 00:00:00-04:00,1004.1163065896513,1008.6835256394589,994.9320203790301,1004.4553833007812,2255000,1.0869140625,1015.33291015625,1018.8021881103516,978.0806722005208,47.43983862708356,6.266091839162868,10.645467069456325,-4.379375230293457,2196200.0,1.0267735178945452,False,False,True,False
2025-06-11 00:00:00-04:00,999.6389085950703,1002.6305257676506,990.6042271684619,993.9947509765625,2459800,-10.46063232421875,1004.3816162109375,1018.6900024414062,979.4329284667969,44.046370084113946,3.8639836929615967,9.289170394157379,-5.425186701195782,2173340.0,1.1318063441523185,False,False,False,False
2025-06-12 00:00:00-04:00,996.2085478678052,1000.4466723206964,992.5787043171172,999.908203125,1720100,5.9134521484375,1002.7661499023437,1019.2469451904296,981.1918100992839,46.38135609571509,2.4096845054375535,7.9132732164134145,-5.503588710975861,2148595.0,0.8005696746013092,False,False,False,False
2025-06-13 00:00:00-04:00,996.2883252567708,1000.7857328712023,985.9073794452864,987.443115234375,1786000,-12.465087890625,997.833984375,1018.2367767333984,982.6433492024739,42.36778704457012,0.248449532422228,6.380308479615177,-6.131858947192949,2114360.0,0.8447000510792864,False,False,False,False
2025-06-16 00:00:00-04:00,989.5571975006961,999.0505548389581,978.6976122914807,981.6094360351562,2109300,-5.83367919921875,993.482177734375,1016.1690734863281,984.1412373860677,40.59720790189304,-1.9130217874837854,4.721642426195385,-6.63466421367917,2118140.0,0.9958265270473151,False,False,False,False
2025-06-17 00:00:00-04:00,980.2532516459866,983.3445651232382,973.4722647230866,974.9879760742188,1668200,-6.6214599609375,987.5886962890625,1013.3459869384766,985.2987131754558,38.62417348883827,-4.112889037428204,2.9547361334706674,-7.0676251708988715,2107560.0,0.7915314391998329,False,False,False,False
2025-06-18 00:00:00-04:00,977.2616282644167,979.9042478295464,971.3482055114268,972.1759033203125,1509600,-2.81207275390625,983.2249267578125,1010.2586456298828,986.1307993570964,37.784312332405435,-6.013886116329559,1.1610116835106223,-7.174897799840181,2069480.0,0.7294586079594874,False,False,False,False
2025-06-20 00:00:00-04:00,981.2404546167485,985.8973883247049,971.1786829047896,977.55078125,3255700,5.3748779296875,978.7534423828125,1008.0144287109375,986.9824198404948,40.449691789600195,-7.0059717864187405,-0.4723850104752503,-6.5335867759434905,2160320.0,1.507045252555177,True,False,False,False
2025-06-23 00:00:00-04:00,980.4028030927889,1002.0620815667206,978.5180697222954,1001.6731567382812,2082900,24.12237548828125,981.5994506835938,1007.3338348388672,988.2445465087891,50.66497953860531,-5.779114688005507,-1.5337309459813016,-4.245383742024205,2181420.0,0.9548367577082818,False,False,False,False
2025-06-24 00:00:00-04:00,1003.0293903905894,1003.0293903905894,989.2978486669264,999.1203002929688,2385100,-2.5528564453125,985.1016235351562,1007.0057525634766,989.3147389729818,49.69344838901769,-4.95568967277211,-2.218122691339463,-2.7375669814326464,2229980.0,1.0695611619835155,False,False,False,False
2025-06-25 00:00:00-04:00,1000.1973535263559,1002.1718014075898,983.2448560089599,983.7833251953125,1827700,-15.33697509765625,986.860693359375,1005.4476196289063,990.280196126302,44.208723649774036,-5.477543418795221,-2.870006836830615,-2.6075365819646064,2227955.0,0.8203487054271742,False,False,False,False
2025-06-26 00:00:00-04:00,984.9699910455582,984.9699910455582,973.7713902331204,980.1634521484375,2262800,-3.619873046875,988.458203125,1003.9403411865235,990.9177541097005,43.00233822109435,-6.112745845557811,-3.518554638576054,-2.5941912069817565,2257360.0,1.002409894744303,False,False,False,False
2025-06-27 00:00:00-04:00,979.4953471017772,990.364913911333,977.5607655497981,982.3872680664062,2129200,2.22381591796875,989.4255004882813,1002.763638305664,991.449296061198,44.013113476285994,-6.363352222407798,-4.0875141553424035,-2.2758380670653944,2262985.0,0.940881181271639,False,False,False,False
2025-06-30 00:00:00-04:00,982.4071555914037,988.968786239412,977.0122994526788,987.173828125,2127600,4.78656005859375,986.525634765625,1000.258657836914,991.8833414713541,46.223652686808514,-6.105345564583104,-4.4910804371905435,-1.6142651273925601,2099175.0,1.013541033977634,False,False,False,False
2025-07-01 00:00:00-04:00,987.2336451803269,994.0545589638175,971.7769567961905,983.2049560546875,2200600,-3.9688720703125,983.3425659179687,996.7240631103516,992.2180430094401,44.64946525990703,-6.15023218796955,-4.822910787346345,-1.3273214006232052,2101805.0,1.047004836319259,False,False,False,False
2025-07-02 00:00:00-04:00,981.1207806002939,982.9456840983271,974.1403406048815,979.614990234375,1606100,-3.5899658203125,982.5088989257813,993.0727996826172,993.3327952067058,43.21581639104238,-6.401690694089552,-5.1386667686949865,-1.2630239253945659,2082465.0,0.7712494567735833,False,False,False,False
2025-07-03 00:00:00-04:00,979.6648592308459,984.9101711346938,974.5990979201327,984.2620239257812,1101400,4.64703369140625,983.32861328125,989.84833984375,994.6635955810547,45.64862133659132,-6.155045061745568,-5.341942427305103,-0.8131026344404653,2066430.0,0.532996520569291,False,False,False,False
2025-07-07 00:00:00-04:00,982.2476022056516,990.1155696876772,973.4722043284104,989.4075317382812,1832600,5.1455078125,984.732666015625,988.9194396972656,996.0698628743489,48.290352301396084,-5.481193358350765,-5.369792613514235,-0.11140074483652995,1993590.0,0.9192461840197834,False,False,False,False
2025-07-08 00:00:00-04:00,986.735073352822,993.0872690063997,981.1806301131669,983.0853271484375,1716200,-6.32220458984375,983.9149658203125,987.4685089111329,996.4339426676432,45.37229537590916,-5.3951185339878975,-5.374857797608968,-0.020260736378929778,1986630.0,0.8638750044044438,False,False,False,False
2025-07-09 00:00:00-04:00,985.6282092691846,985.6282092691846,969.5632391884608,979.3458251953125,2922600,-3.739501953125,983.1431396484375,986.2673767089843,996.7503041585286,43.69058520823235,-5.564506009349088,-5.412787439956992,-0.15171856939209594,2047925.0,1.4271030433243406,False,False,False,False
2025-07-10 00:00:00-04:00,984.2420345304089,985.239240239153,966.3621434763803,967.4590454101562,2897000,-11.88677978515625,980.7119506835937,984.4175598144532,996.8834920247396,38.771260840829136,-6.5820369656776165,-5.646637345101118,-0.935399620576499,2080025.0,1.392771721493732,False,False,False,False
2025-07-11 00:00:00-04:00,970.5703423490987,976.2444453833413,963.0015849479702,967.61865234375,1942000,0.15960693359375,977.3832763671875,983.0987548828125,996.7552571614583,38.870787315333864,-7.2915066835893185,-5.975611212798758,-1.3158954707905606,2054135.0,0.9454101117988837,False,False,False,False
2025-07-14 00:00:00-04:00,968.3864813905876,978.7474637610445,966.9106363543493,978.1690673828125,1679300,10.5504150390625,975.1355834960938,982.0117980957032,996.8426991780599,45.210677144655406,-6.922636383297572,-6.165016246898521,-0.7576201363990513,2052095.0,0.8183344338346908,False,False,False,False
2025-07-15 00:00:00-04:00,976.5137523054225,977.5109580774985,963.9589048545572,964.97607421875,1878000,-13.1929931640625,971.5137329101562,980.8884460449219,996.8624654134114,39.67010364892305,-7.607177495777137,-6.453448496674245,-1.153728999102892,2056695.0,0.9131154595114979,False,False,False,False
2025-07-16 00:00:00-04:00,965.2851632223001,966.8807289063834,947.4750835219338,948.7116088867188,2950300,-16.26446533203125,965.3868896484375,979.2435546875,996.1671478271485,34.11887024568574,-9.354257624682191,-7.033610322275835,-2.320647302406356,2098745.0,1.4057448618102724,False,False,False,False
2025-07-17 00:00:00-04:00,947.7044386088863,952.082186443401,944.8624265772868,951.2445068359375,2280600,2.53289794921875,962.1439819335938,978.0563812255859,996.1237080891927,35.62955976591985,-10.414396833719366,-7.709767624564542,-2.704629209154824,2129365.0,1.071023521096665,False,False,False,False
2025-07-18 00:00:00-04:00,957.2676370681019,957.5767684047739,946.9964303896035,948.2927856445312,2115500,-2.95172119140625,958.27880859375,976.8622253417968,995.6748697916667,34.63290349099263,-11.361772584459118,-8.440168616543458,-2.92160396791566,2159660.0,0.979552336941926,False,False,False,False
2025-07-21 00:00:00-04:00,948.8512674261063,953.0893919283955,943.9549530345746,944.9122924804688,1742400,-3.3804931640625,951.6274536132812,975.2303009033203,995.2259572347006,33.47790187107587,-12.244208623517238,-9.200976617938215,-3.043232005579023,2083995.0,0.8360864589406405,False,False,False,False
2025-07-22 00:00:00-04:00,946.148793538083,955.0239489661649,938.6199023771956,938.9788818359375,1799900,-5.93341064453125,946.4280151367187,972.0955871582031,994.684130859375,31.492665863343674,-13.26936125683278,-10.01465354571713,-3.2547077111156515,2069845.0,0.8695820218422152,False,False,False,False
2025-07-23 00:00:00-04:00,939.7467358408901,945.8496300077228,933.3845584472626,938.56005859375,2401600,-0.4188232421875,944.397705078125,969.0675750732422,994.1074391682943,31.35134018666416,-13.95473612838748,-10.8026700622512,-3.15206606613628,2070670.0,1.1598178367388334,False,False,False,False
2025-07-24 00:00:00-04:00,938.6997235184125,940.2653438794015,930.8816035094942,931.1907348632812,2057100,-7.36932373046875,940.3869506835938,966.4379455566407,993.385019938151,28.89433592364,-14.92054869139929,-11.62624578808082,-3.2943029033184708,2082140.0,0.9879739114564823,False,False,False,False
2025-07-25 00:00:00-04:00,933.6836827729074,938.6597294671025,931.739119489077,932.865966796875,1827700,1.67523193359375,937.3015869140625,964.0730712890625,992.4720845540364,30.23287972709022,-15.373567967530334,-12.375710223970723,-2.997857743559612,2060385.0,0.887067222873395,False,False,False,False
2025-07-28 00:00:00-04:00,932.8859172741276,937.6126624774042,928.2888136789243,931.380126953125,2006300,-1.48583984375,934.5951538085938,961.5227142333985,991.4879089355469,29.698868926160998,-15.671828778615577,-13.034933934899694,-2.636894843715883,2054240.0,0.9766629020951787,False,False,False,False
2025-07-29 00:00:00-04:00,931.3801607691637,939.1583532129497,924.78864556687,931.9585571289062,2065900,0.57843017578125,933.1910888671875,958.7619506835938,990.4380167643229,30.215632975968248,-15.680769983778305,-13.564101144675417,-2.1166688391028874,2051155.0,1.0071886327459407,False,False,False,False
2025-07-30 00:00:00-04:00,932.3873349238935,935.1296506148461,922.5549012722015,924.9182739257812,1699600,-7.040283203125,930.4627319335938,955.8476165771484,989.0952789306641,27.560195132069296,-16.070695001362765,-14.065419916012887,-2.0052750853498775,2026105.0,0.8388508986454305,False,False,False,False
2025-07-31 00:00:00-04:00,922.774277294664,943.3067700021527,922.4152978403075,937.014404296875,2564400,12.09613037109375,931.6274658203125,953.7175872802734,987.8446177164714,37.6920491805938,-15.228116509737788,-14.297959234757869,-0.9301572749799192,2074020.0,1.236439378598085,False,False,False,False
2025-08-01 00:00:00-04:00,938.1727515249177,955.3683952670457,938.1727515249177,951.1743774414062,2934500,14.15997314453125,935.2891479492188,952.0632049560547,986.9029174804688,47.03165799537947,-13.264866369331344,-14.091340661672564,0.8264742923412207,2165675.0,1.355004790654184,False,False,False,True
2025-08-04 00:00:00-04:00,951.2542184380943,958.8235270853169,947.3197821173934,954.0203247070312,2389900,2.845947265625,939.8171875,950.2938446044922,986.0643269856771,48.69615951778906,-11.348513726805322,-13.542775274699117,2.1942615478937952,2193540.0,1.0895174010959454,False,False,False,False
2025-08-05 00:00:00-04:00,949.9860088793837,950.1557516431945,934.3580943125125,942.296875,2462300,-11.72344970703125,941.8848510742188,948.2544219970703,985.0210388183593,42.738202934185146,-10.652974012261097,-12.964815022211514,2.3118410099504167,2230845.0,1.1037521656592009,False,False,False,False
2025-08-06 00:00:00-04:00,942.2968779231544,969.1788292374677,941.3282166112642,967.191650390625,2753000,24.894775390625,950.3395263671875,947.6467132568359,984.3863464355469,55.25705843284724,-8.000726067856021,-11.971997231340417,3.9712711634843956,2222365.0,1.2387704090012217,False,True,False,False
2025-08-07 00:00:00-04:00,973.3029856897996,980.6126514646908,969.5882704814876,976.069091796875,1893300,8.87744140625,958.1504638671875,948.0772155761719,983.7656545003255,58.722637988093474,-5.123405702164291,-10.602278925505193,5.478873223340901,2172180.0,0.8716128497638317,False,False,False,False
2025-08-08 00:00:00-04:00,975.7695708672848,986.8039479613234,975.6197583978872,979.5941162109375,2189700,3.5250244140625,963.8344116210938,948.6759887695313,983.4882486979167,60.04597622661338,-2.52950995581773,-8.9877251315677,6.45821517574997,2184565.0,1.0023505823813894,False,False,False,False
2025-08-11 00:00:00-04:00,981.7710057738157,988.1819797490296,974.9407031716983,987.3431396484375,2290100,7.7490234375,970.498974609375,949.1346923828125,983.4644785563152,62.864476050282505,0.14972658640044756,-7.160234787974071,7.309961374374518,2215105.0,1.0338561828897501,False,False,False,False
2025-08-12 00:00:00-04:00,987.1034944435687,990.3489029988966,978.6654200099305,989.849609375,1588500,2.5064697265625,980.009521484375,950.378369140625,983.1678639729818,63.755120410208406,2.447083552520553,-5.238771119875146,7.685854672395699,2200630.0,0.7218387461772311,False,False,False,False
2025-08-13 00:00:00-04:00,982.5699292025938,985.0064845224941,968.7294636421735,977.4671020507812,2352600,-12.38250732421875,982.0646118164062,951.8161437988281,982.409590657552,56.54062171412541,3.2313417473775417,-3.544748546424609,6.7760902938021506,2170745.0,1.083775385869828,False,False,False,False
2025-08-14 00:00:00-04:00,979.2146244456744,986.8937627692793,973.8022986634927,974.0120239257812,1808700,-3.455078125,981.6531982421875,952.9545196533203,981.4522959391276,54.68126132580397,3.5333458758566394,-2.1291296619683595,5.662475537824999,2147150.0,0.8423724471974477,False,False,False,False
2025-08-15 00:00:00-04:00,977.7567542336544,978.6155246581623,965.8535500913173,970.666748046875,1638300,-3.34527587890625,979.867724609375,954.0732177734375,980.3980295817057,52.86842692536724,3.462833132890637,-1.0107371029965604,4.473570235887197,2123290.0,0.7715856053577231,False,False,False,False
2025-08-18 00:00:00-04:00,971.9249291370649,979.8936965987621,968.6296035005083,977.9663696289062,2078500,7.29962158203125,977.9923706054688,955.7259216308594,979.6568837483724,56.2748894607159,3.9504316156532013,-0.018503359266608045,3.9689349749198093,2140095.0,0.9712185674000453,False,False,False,False
2025-08-19 00:00:00-04:00,977.2374643364424,987.1334982633657,975.4100325759078,979.4642944335938,1673400,1.4979248046875,975.9153076171875,957.7501922607422,979.0598714192708,56.96229828408009,4.406926632258205,0.8665826390383548,3.5403439932198504,2133770.0,0.7842457247032248,False,False,False,False
2025-08-20 00:00:00-04:00,977.6169063766969,997.8882151260808,977.6169063766969,993.1649169921875,2229600,13.70062255859375,979.0548706054688,960.480435180664,978.8512542724609,62.733172199775964,5.80728519259435,1.854723149749554,3.9525620428447956,2125170.0,1.0491395982439051,False,False,False,False
2025-08-21 00:00:00-04:00,987.5029368620877,987.9223264333003,966.1531369928716,968.31005859375,2145600,-24.8548583984375,977.9144775390625,962.3364013671875,978.0739888509114,49.71059001434007,4.855528577682094,2.454884235336062,2.4006443423460317,2129595.0,1.0075155135131328,False,False,False,False
2025-08-22 00:00:00-04:00,970.1674251346436,972.1246780665098,951.7634696167063,957.185791015625,3136000,-11.124267578125,975.2182861328125,963.552392578125,977.1886016845704,45.1891303734514,3.167110698482361,2.597329527965322,0.569781170517039,2195010.0,1.4286950856715914,False,False,False,False
2025-08-25 00:00:00-04:00,953.6109194166465,956.9461667604558,939.2312383774862,940.2498168945312,2284300,-16.93597412109375,967.6749755859375,963.9958770751953,976.0940765380859,39.32478504462235,0.45716586952380567,2.1692967962770187,-1.712130926753213,2208910.0,1.0341299554984131,False,False,False,False
2025-08-26 00:00:00-04:00,940.0101318359375,942.7162642274807,931.9315343111209,940.0101318359375,4341300,-0.23968505859375,959.7841430664063,964.3984558105469,974.4730214436848,39.24715868181048,-1.690340321593908,1.3973693727028333,-3.0877096942967412,2322680.0,1.8690908777791173,True,False,True,False
2025-08-27 00:00:00-04:00,939.1613167086003,950.6550657533077,935.8959168845508,948.1785888671875,1893600,8.16845703125,950.7868774414062,965.5614715576172,972.711050415039,43.351249527492755,-2.701981473719229,0.5774992034184209,-3.27948067713765,2332380.0,0.8118745658940653,False,False,False,False
2025-08-28 00:00:00-04:00,948.9474259917421,949.6564448585393,942.7961555428886,943.625,2067900,-4.5535888671875,945.8498657226562,965.8920013427735,970.8941294352213,41.6616442823179,-3.827035260673256,-0.30340768939991447,-3.5236275712733414,2307555.0,0.8961433205275714,False,False,False,False
2025-08-29 00:00:00-04:00,943.6649239050155,947.2698091453123,939.1313598630009,941.9873046875,1609000,-1.6376953125,942.8101684570313,965.4326477050781,969.1147308349609,41.04209322216558,-4.795517081527009,-1.2018295678253335,-3.593687513701676,2241280.0,0.717893346659052,False,False,False,False
2025-09-02 00:00:00-04:00,937.3339052834116,943.1756774149441,935.256887633424,937.4937133789062,1793900,-4.49359130859375,942.2589477539062,964.6063171386719,967.9398671468099,39.31451100681194,-5.858112491923862,-2.1330861526450393,-3.7250263392788225,2211480.0,0.811176225875884,False,False,False,False
2025-09-03 00:00:00-04:00,937.6734325562123,948.7477920330045,935.1769644184162,948.438232421875,1670500,10.94451904296875,943.9445678710938,964.9133850097656,966.8787719726563,45.348432290649676,-5.750804100722576,-2.8566297422605467,-2.894174358462029,2171890.0,0.7691457670508175,False,False,False,False
2025-09-04 00:00:00-04:00,952.053092464002,958.144450206641,949.7662886927766,954.549560546875,1471900,6.111328125,945.2187622070312,964.2812805175781,966.0651234944661,48.43176678147672,-5.113680991083584,-3.308039992025154,-1.8056409990584297,2107835.0,0.6982994399466751,False,False,False,False
2025-09-05 00:00:00-04:00,957.3556156559335,968.1802674419253,954.86908217707,962.1188354492188,1928500,7.56927490234375,948.917529296875,963.5837677001953,965.3595143636068,52.0408187554635,-3.952418095412213,-3.436915612702566,-0.515502482709647,2109595.0,0.9141565087137579,False,False,False,False
2025-09-08 00:00:00-04:00,962.368466192003,970.9663486932802,957.2357740735057,970.4769897460938,1737000,8.358154296875,954.6154663085938,963.1279113769531,964.9675516764323,55.72554241271915,-2.3308075854298522,-3.2156940072480236,0.8848864218181713,2086960.0,0.832311112814812,False,False,False,True
2025-09-09 00:00:00-04:00,968.6296449670507,978.4856963754918,961.749364098253,977.8665771484375,1496800,7.38958740234375,962.6900390625,962.6540832519531,964.6001912434896,58.743544690058236,-0.44427035508090285,-2.6614092768145996,2.2171389217336968,2047295.0,0.7311110514117408,False,True,False,False
2025-09-10 00:00:00-04:00,975.010604832975,979.6140773577494,952.6123004698491,954.93896484375,2277500,-22.9276123046875,963.990185546875,960.9085510253906,964.0584554036458,47.84586483276113,-0.7901345282004968,-2.287154327091779,1.4970197988912823,2081745.0,1.0940340915914293,False,False,False,False
2025-09-11 00:00:00-04:00,956.4468333809283,963.7964207404486,952.9318477888123,962.9576416015625,1532000,8.0186767578125,965.6718017578125,960.1830780029297,963.747592163086,51.25198080397917,-0.4124398281330741,-1.9122114273000381,1.499771599166964,2040715.0,0.75071727311261,False,False,False,False
2025-09-12 00:00:00-04:00,958.9333582778239,968.2002775024205,958.6437899079043,966.5326538085938,1461600,3.57501220703125,966.5545654296875,959.8091094970703,963.6066701253255,52.734083414405404,0.17336115086402515,-1.4950969116672255,1.6684580625312506,2023360.0,0.7223628024671833,False,False,False,False
2025-09-15 00:00:00-04:00,966.4527165476179,968.3699869958449,958.3541886035131,958.7435913085938,2199400,-7.7890625,964.2078857421875,959.2129516601562,963.3827982584636,49.222693807794805,0.008996691094012021,-1.194278191114978,1.20327488220899,2051415.0,1.0721380120550936,False,False,False,False
2025-09-16 00:00:00-04:00,957.745012298129,958.2243756260046,949.4567502678909,950.7249755859375,2012600,-8.01861572265625,958.7795654296875,957.8508819580078,962.9357014973958,45.83877803168227,-0.7595430622835693,-1.1073311653486964,0.3477881030651271,2048120.0,0.9826572661758101,False,False,False,False
2025-09-17 00:00:00-04:00,952.142933395221,962.6181037434592,952.142933395221,961.6694946289062,1556800,10.94451904296875,960.1256713867188,956.9611419677734,962.268973795573,50.80947812734192,-0.47995254013699196,-0.9818554403063555,0.5019029001693636,2042290.0,0.76228155648806,False,False,False,False
2025-09-18 00:00:00-04:00,956.0174581762051,961.1801371256086,949.3269114987614,951.0145263671875,1860900,-10.65496826171875,957.7370483398438,954.8536224365234,961.4672108968099,46.349672425022504,-1.105399570271743,-1.006564266299433,-0.09883530397231,2023855.0,0.9194828680908465,False,False,False,False
2025-09-19 00:00:00-04:00,953.6508250071147,956.0873803382838,942.4566399782441,949.8162231445312,4606000,-1.19830322265625,954.3937622070313,953.9289306640625,960.9010925292969,45.86211637876477,-1.6784161663979376,-1.1409346463191339,-0.5374815200788037,2146875.0,2.145443959243086,True,False,False,False
2025-09-22 00:00:00-04:00,946.0416038370369,948.6578975839328,938.2825613184034,941.9274291992188,2794300,-7.8887939453125,951.0305297851562,953.1660125732421,960.2638254801433,42.679217138322805,-2.737539043144011,-1.4602555256841094,-1.2772835174599015,2129790.0,1.3120072871034234,False,False,True,False
2025-09-23 00:00:00-04:00,941.4281275778852,943.6549576464967,932.1811998712544,942.2669067382812,3258500,0.3394775390625,949.338916015625,953.2668670654297,959.5951527913411,42.86298580165139,-3.5090583133402333,-1.8700160832153343,-1.639042230124899,2178500.0,1.4957539591462015,False,False,False,False
2025-09-24 00:00:00-04:00,942.9459787067261,952.3126708501874,941.7775877645137,943.9345703125,2149800,1.66766357421875,945.7919311523438,953.4630889892578,958.8744984944661,43.81590227553676,-3.940502717820209,-2.2841134101363094,-1.6563893076838996,2068925.0,1.039090348852665,False,False,False,False
2025-09-25 00:00:00-04:00,951.1044582396601,951.6536690488005,934.2982174068125,941.9773559570312,2991500,-1.95721435546875,943.9844970703125,953.15302734375,958.1873718261719,42.9113695135421,-4.3897540064635905,-2.705241529401766,-1.6845124770618245,2123820.0,1.4085468636701792,False,False,False,False
2025-09-26 00:00:00-04:00,924.2424191011016,926.3194976514163,903.7713804306212,914.656005859375,4812900,-27.32135009765625,936.9524536132812,951.7045776367188,957.1047220865886,32.74821331828706,-6.871186744598845,-3.538430572441182,-3.3327561721576626,2261070.0,2.1285939842640875,True,False,False,False
2025-09-29 00:00:00-04:00,915.0454874706328,915.9241881968125,902.0138748143294,915.57470703125,4107000,0.918701171875,931.6819091796875,950.3839477539062,955.9599334716797,33.32009736194466,-8.663738377636719,-4.56349213348029,-4.100246244156429,2385970.0,1.7213125060248033,True,False,False,False
2025-09-30 00:00:00-04:00,914.9555733228306,929.1954373454189,912.0796371495959,924.3223266601562,3096700,8.74761962890625,928.0929931640625,949.7253784179687,954.8751800537109,38.66809164198416,-9.271611300615291,-5.50511596690729,-3.7664953337080007,2451110.0,1.2633867921064335,False,False,False,False
2025-10-01 00:00:00-04:00,921.6960444783359,922.694631742126,909.8827400819978,916.0440673828125,2642100,-8.27825927734375,922.514892578125,948.1056701660157,953.7578257242839,35.7462275568314,-10.30257958660468,-6.464608690846768,-3.837970895757911,2499690.0,1.0569710644119872,False,False,False,False
2025-10-02 00:00:00-04:00,911.2707792477015,917.2123855803707,908.7243939476801,915.474853515625,2063800,-0.5692138671875,917.2143920898437,946.1519348144532,952.6933095296224,35.54732729509453,-11.03831733185234,-7.379350419047883,-3.6589669128044573,2529285.0,0.815961823203,False,False,False,False
2025-10-03 00:00:00-04:00,914.296517254056,916.8029200276153,909.9127046457583,914.0867919921875,2319200,-1.3880615234375,917.1005493164063,943.7503326416015,951.8037719726562,35.03537460221129,-11.599685802712543,-8.223417495780815,-3.3762683069317276,2548820.0,0.9099112530504312,False,False,False,False
2025-10-06 00:00:00-04:00,914.206631615037,914.4862653018198,902.9725250004338,909.653076171875,2504000,-4.4337158203125,915.9162231445313,940.7091369628906,950.8376790364583,33.38160895923211,-12.261000985745227,-9.030934193773698,-3.230066791971529,2587170.0,0.9678529049115443,False,False,False,False
2025-10-07 00:00:00-04:00,907.4461973053898,916.3436440805559,902.603073388412,913.5076293945312,2601800,3.85455322265625,913.7532836914063,937.4911895751953,949.7599884033203,36.201103408874026,-12.33191318277261,-9.691129991573481,-2.6407831911991284,2642420.0,0.9846277276133242,False,False,False,False
2025-10-08 00:00:00-04:00,911.2508123952379,915.0854143589017,909.673088379798,913.5076293945312,2376900,0.0,913.24599609375,935.4196228027344,948.9021809895834,36.201103408874026,-12.246936548731128,-10.202291303005012,-2.044645245726116,2647390.0,0.897827671782397,False,False,False,False
2025-10-09 00:00:00-04:00,930.99285246656,942.436683996407,925.9699904227583,941.5579223632812,3742900,28.05029296875,918.4626098632813,934.3496368408203,948.7829528808594,52.99221973052312,-9.803162976989483,-10.122465637801907,0.31930266081242387,2757935.0,1.3571385837592256,False,False,False,True
2025-10-10 00:00:00-04:00,943.0857828944498,944.1143570494081,927.6875840865079,928.6961669921875,3142500,-12.86175537109375,921.3844848632813,932.4578125,948.4071472167968,46.89737726246408,-8.802817581700879,-9.858536026581703,1.0557184448808243,2841980.0,1.1057431790512249,False,False,False,False
2025-10-13 00:00:00-04:00,927.6875513554579,934.6576708275393,921.696027880611,934.23828125,2169600,5.5421142578125,926.3015258789062,931.2325469970704,948.172905476888,49.58794945748897,-7.476648199222495,-9.382158461109862,1.9055102618873665,2840490.0,0.7638118775281729,False,False,False,False
2025-10-14 00:00:00-04:00,938.9316810927568,946.0815391653653,934.627772374779,945.1728515625,1925900,10.9345703125,932.6345703125,930.9549407958984,948.1772481282552,54.487643185839005,-5.480149219939108,-8.601756612875711,3.1216073929366033,2836155.0,0.67905315471122,False,True,False,False
2025-10-15 00:00:00-04:00,944.6635186682616,962.6380887909135,943.9245738706032,953.6408081054688,2009800,8.46795654296875,940.6612060546875,930.5535064697266,948.4216135660807,57.90017307327969,-3.177982270122129,-7.517001744324995,4.339019474202866,2858805.0,0.703021017523056,False,False,False,False
2025-10-16 00:00:00-04:00,954.1900300716651,956.5467422809885,919.8585958592327,924.3123168945312,2721400,-29.3284912109375,937.2120849609375,929.2183959960937,948.184151204427,45.24624264069725,-3.6776686337291267,-6.749135122205821,3.0714664884766947,2901830.0,0.9378219950858596,False,False,False,False
2025-10-17 00:00:00-04:00,928.2667383169801,937.4936746099911,926.8387658858168,935.0072021484375,2502200,10.69488525390625,938.4742919921875,928.4779449462891,948.247758992513,49.57407606057339,-3.174096805659701,-6.034127458896598,2.8600306532368966,2796640.0,0.894716516963213,False,False,False,False
2025-10-20 00:00:00-04:00,934.8673796298953,938.4722648960447,930.184003091563,934.7874755859375,1523700,-0.2197265625,938.584130859375,928.120947265625,948.2797841389973,49.48753075626184,-2.760916474629198,-5.379485262043119,2.6185687874139205,2733110.0,0.5574967710776368,False,False,False,False
2025-10-21 00:00:00-04:00,934.7874862186113,942.0372393298148,933.6790690104166,936.175537109375,1448200,1.3880615234375,936.78466796875,927.8163787841797,948.3597076416015,50.08041604660042,-2.2950077008737253,-4.762589749809241,2.4675820489355154,2642595.0,0.5480219254180076,False,False,False,False
2025-10-22 00:00:00-04:00,938.6720169235136,951.6536512001154,931.1826125331664,943.3453979492188,2372400,7.16986083984375,934.7255859375,927.7869201660156,948.5494883219401,53.139991272054566,-1.3318708145435494,-4.076445962756103,2.7445751482125536,2653725.0,0.8939886386117627,False,False,False,False
2025-10-23 00:00:00-04:00,944.1342675748647,944.1342675748647,933.16979896235,940.7191162109375,1974800,-2.62628173828125,938.0069458007813,927.724008178711,948.8128356933594,51.885545657552186,-0.7716023292812224,-3.415477236061127,2.6438749067799048,2602890.0,0.7586951427067605,False,False,False,False
2025-10-24 00:00:00-04:00,938.672001158708,941.6677628645336,928.8359412708182,930.8231201171875,1639400,-9.89599609375,937.1701293945313,928.5323638916016,948.709647623698,47.349774275678634,-1.1132765397106823,-2.955037096791038,1.841760557080356,2444215.0,0.67072659320068,False,False,False,False
2025-10-27 00:00:00-04:00,928.8958536436892,931.881619723973,923.8130178009262,928.5363159179688,1967600,-2.28680419921875,935.9198974609375,929.1804443359375,948.3323465983073,46.34161288266147,-1.5507062242901384,-2.6741709222908585,1.1234646980007201,2337245.0,0.8418458484241061,False,False,False,False
2025-10-28 00:00:00-04:00,925.5605635179573,929.4051000674442,918.9000035974706,922.8543701171875,2090800,-5.68194580078125,933.2556640625,929.107046508789,947.8129140218099,43.843728034858145,-2.329010557008246,-2.6051388492343364,0.27612829222609037,2286950.0,0.9142307440040228,False,False,False,False
2025-10-29 00:00:00-04:00,917.7017027592785,918.5804644343531,908.0153940332956,911.1309814453125,2449600,-11.723388671875,926.8127807617187,928.8613922119141,947.2934824625651,39.15428440302471,-3.8474508193500014,-2.8536012432574696,-0.9938495760925319,2277325.0,1.075647964168487,False,False,True,False
2025-10-30 00:00:00-04:00,911.4005961606978,921.6960282309323,909.0838664356717,918.8800048828125,2677100,7.7490234375,922.4449584960937,929.0316497802735,946.4882883707683,43.459104638525645,-4.375110684354468,-3.1579031314768695,-1.217207552877598,2307990.0,1.1599270360790124,False,False,False,False
2025-10-31 00:00:00-04:00,916.2100219726562,920.0,909.6799926757812,911.4500122070312,2456300,-7.42999267578125,918.5703369140625,928.8998107910156,945.4113037109375,40.500344054123126,-5.331366567718192,-3.592595818725134,-1.7387707489930575,2314845.0,1.0611077631547685,False,False,False,False
2025-11-03 00:00:00-05:00,912.4000244140625,929.1900024414062,908.3800048828125,928.0399780273438,3202200,16.5899658203125,918.4710693359375,929.8191558837891,944.5520680745443,48.8706463277462,-4.696397504143874,-3.8133561558088824,-0.8830413483349919,2349755.0,1.3627803749752634,False,False,False,False
2025-11-04 00:00:00-05:00,933.2100219726562,937.8599853515625,928.9650268554688,936.280029296875,1180929,8.24005126953125,921.156201171875,930.9577758789062,943.7010162353515,52.448786867777706,-3.4880683929005727,-3.7482986032272207,0.26023021032664806,2278711.45,0.5182442033193803,False,False,False,True
