날짜,시가,고가,저가,종가,거래량,전일비,MA5,MA20,MA60,RSI,MACD,MACD_Signal,MACD_Histogram,평균거래량,거래량비율,거래량신호,TR,ATR,골든크로스,데드크로스,MACD_골든크로스
2024-11-07 14:00:00,16.43000030517578,22.6200008392334,16.290000915527344,22.110000610351562,70733400,0.0,,,,,0.0,0.0,0.0,,,False,6.329999923706055,,False,False,False
2024-11-08 14:00:00,21.690000534057617,25.68000030517578,21.309999465942383,24.790000915527344,64845200,2.6800003051757812,,,,100.0,0.21378919813368213,0.04275783962673643,0.1710313585069457,,,False,4.370000839233398,,False,False,False
2024-11-11 14:00:00,24.389999389648438,24.489999771118164,21.299999237060547,23.520000457763672,35693700,-1.2700004577636719,,,,66.21056080823429,0.27754093567454774,0.0897144588362987,0.18782647683824905,,,False,3.490001678466797,,False,False,False
2024-11-12 14:00:00,22.0,25.440000534057617,22.0,23.010000228881836,28019200,-0.5100002288818359,,,,57.768927799788976,0.28364223958437407,0.12850001498591376,0.1551422245984603,,,False,3.440000534057617,,False,False,False
2024-11-13 14:00:00,23.8799991607666,27.649999618530273,23.670000076293945,26.760000228881836,41306100,3.75,24.03800048828125,,,78.98522343139392,0.5843353723959517,0.21966708646792135,0.36466828592803036,,,False,4.6399993896484375,,False,False,False
2024-11-14 14:00:00,27.899999618530273,28.049999237060547,24.8700008392334,26.15999984741211,35122500,-0.6000003814697266,24.84800033569336,,,72.6925886373467,0.7653987893544958,0.32881342704523625,0.43658536230925954,,,False,3.1799983978271484,,False,False,False
2024-11-15 14:00:00,26.290000915527344,29.479999542236328,25.030000686645508,29.139999389648438,37576000,2.979999542236328,25.71800003051758,,,80.85200817306105,1.1362558596929517,0.49030191357477937,0.6459539461181724,,,False,4.44999885559082,,False,False,False
2024-11-18 14:00:00,28.149999618530273,28.469999313354492,22.270000457763672,25.229999542236328,54116400,-3.9099998474121094,26.059999847412108,,,56.84973390480303,1.101955788971484,0.6126326886541203,0.4893231003173636,,,False,6.869998931884766,,False,False,False
2024-11-19 14:00:00,25.200000762939453,28.299999237060547,24.8700008392334,27.889999389648438,30086600,2.6599998474121094,27.03599967956543,,,64.55818456687525,1.2747183334821663,0.7450498176197295,0.5296685158624368,,,False,3.4299983978271484,,False,False,False
2024-11-20 14:00:00,27.90999984741211,30.5,27.42799949645996,28.860000610351562,28874800,0.970001220703125,27.455999755859374,,,66.8816072421526,1.4729259134998216,0.890625036795748,0.5823008767040736,,,False,3.072000503540039,,False,False,False
2024-11-21 14:00:00,28.799999237060547,33.80099868774414,28.479999542236328,32.779998779296875,43881800,3.9199981689453125,28.77999954223633,,,74.23306271427036,1.9241376786887798,1.0973275651743544,0.8268101135144255,,,False,5.3209991455078125,,False,False,False
2024-11-22 14:00:00,32.4900016784668,33.06999969482422,30.299999237060547,31.799999237060547,28146300,-0.9799995422363281,29.31199951171875,,,70.04688557840068,2.177547073359978,1.3133714668114793,0.8641756065484989,,,False,2.770000457763672,,False,False,False
2024-11-25 14:00:00,33.93000030517578,35.2400016784668,30.461000442504883,30.8799991607666,31379300,-0.9200000762939453,30.441999435424805,,,66.26876533804176,2.2778815266503187,1.5062734787792473,0.7716080478710714,,,False,4.779001235961914,,False,False,False
2024-11-26 14:00:00,30.5,32.86000061035156,29.700000762939453,30.649999618530273,22521800,-0.22999954223632812,30.993999481201172,,,65.32021939395733,2.3121848353842935,1.6674557501002567,0.6447290852840368,,,False,3.1599998474121094,4.235857009887695,False,False,False
2024-11-27 14:00:00,31.100000381469727,32.369998931884766,28.31999969482422,32.209999084472656,24277900,1.5599994659423828,31.663999176025392,,,68.60284908950109,2.437155364178288,1.8213956729158631,0.615759691262425,,,False,4.049999237060547,4.072999817984445,False,False,False
2024-11-29 14:00:00,32.209999084472656,37.279998779296875,31.959999084472656,36.5,23227400,4.290000915527344,32.407999420166014,,,75.47721891323624,2.849515192088262,2.027019576750343,0.8224956153379188,,,False,5.319999694824219,4.140856879098075,False,False,False
2024-12-02 14:00:00,36.540000915527344,37.0,31.770000457763672,32.060001373291016,28440400,-4.439998626708984,32.45999984741211,,,60.67128026055784,2.7859280990940682,2.1788012812190884,0.6071268178749798,,,False,5.229999542236328,4.265142440795898,False,False,False
2024-12-03 14:00:00,31.799999237060547,33.68000030517578,30.81999969482422,32.790000915527344,20329100,0.7299995422363281,32.84200019836426,,,61.99143830661559,2.76259426494261,2.2955598779637927,0.4670343869788174,,,False,2.8600006103515625,4.2237138748168945,False,False,False
2024-12-04 14:00:00,32.68000030517578,34.95000076293945,31.170000076293945,33.41999816894531,17219600,0.6299972534179688,33.395999908447266,,,63.14132895490785,2.763086406379312,2.389065183646897,0.3740212227324151,,,False,3.780000686645508,4.162285396030971,False,False,False
2024-12-05 14:00:00,33.95000076293945,37.63999938964844,32.650001525878906,35.95000076293945,28954000,2.5300025939941406,34.14400024414063,29.32549991607666,,67.40594984325367,2.933807391853417,2.498013625288201,0.43579376656521607,34737575.0,0.833506656696675,False,4.989997863769531,4.291571072169712,False,False,False
2024-12-06 14:00:00,36.310001373291016,38.44900131225586,34.900001525878906,37.970001220703125,19783600,2.020000457763672,34.43800048828125,30.118499946594238,,70.35515587339518,3.195269084888597,2.6374647172082804,0.5578043676803168,32190085.0,0.6145867586245889,False,3.548999786376953,4.227213995797293,False,False,False
2024-12-09 14:00:00,38.0,38.25,34.15999984741211,34.2400016784668,22414900,-3.729999542236328,34.874000549316406,30.59099998474121,,59.6264417972387,3.066154845750429,2.72320274291671,0.3429521028337188,30068570.0,0.7454594614908524,False,4.090000152587891,4.028642654418945,False,False,False
2024-12-10 14:00:00,33.0,36.75,32.625,32.970001220703125,25017800,-1.2700004577636719,34.91000061035156,31.063500022888185,,56.468956847034605,2.828744452692362,2.7443110848718404,0.0844333678205218,29534775.0,0.8470624882024664,False,4.125,4.07828562600272,False,False,False
2024-12-11 14:00:00,32.9900016784668,32.9900016784668,28.040000915527344,29.829999923706055,36443900,-3.1400012969970703,34.19200096130371,31.404500007629395,,49.490845398164026,2.360018321018128,2.6674525321010982,-0.3074342110829704,29956010.0,1.2165805793228137,False,4.950000762939453,4.212428501674107,False,False,False
2024-12-12 14:00:00,29.360000610351562,32.779998779296875,28.940000534057617,29.989999771118164,21879500,0.15999984741210938,33.00000076293945,31.56599998474121,,49.8310479680415,1.9786514726792497,2.5296923202167285,-0.5510408475374788,28984680.0,0.7548642938269459,False,3.839998245239258,4.106642723083496,False,False,False
2024-12-13 14:00:00,30.229999542236328,34.03499984741211,29.520000457763672,33.83000183105469,24677300,3.8400020599365234,32.172000885009766,31.94950008392334,,57.26978404369918,1.963635998304074,2.416481055834198,-0.4528450575301237,28462420.0,0.8670134162871604,False,4.5149993896484375,4.2312855039324075,False,False,False
2024-12-16 14:00:00,32.470001220703125,42.810001373291016,32.38999938964844,41.810001373291016,42539400,7.979999542236328,33.68600082397461,32.58300018310547,,67.9162475603888,2.566075279603872,2.446399900588133,0.11967537901573921,28710590.0,1.4816623413172632,False,10.420001983642578,4.634214128766741,False,False,True
2024-12-17 14:00:00,41.63999938964844,43.939998626708984,39.25,43.84000015258789,31560500,2.029998779296875,35.86000061035156,33.51350021362305,,69.96626351976487,3.170766068946719,2.5912731342598505,0.5794929346868685,27582795.0,1.144209642278819,False,4.689998626708984,4.743499755859375,False,False,False
2024-12-18 14:00:00,41.650001525878906,44.9900016784668,37.0,37.5,37488600,-6.340000152587891,37.39400062561035,33.99400024414062,,57.58981725028282,3.1026375747046515,2.693546022348811,0.4090915523558407,27952895.0,1.3411347912264544,False,7.990001678466797,5.024928501674107,False,False,False
2024-12-19 14:00:00,40.709999084472656,42.400001525878906,36.540000915527344,37.7599983215332,27705800,0.2599983215332031,38.94800033569336,34.43900012969971,,57.918565744315494,3.0346434629882495,2.7617655104766987,0.2728779525115508,27894445.0,0.9932371839626133,False,5.8600006103515625,5.063499995640346,False,False,False
2024-12-20 14:00:00,36.959999084472656,47.40999984741211,36.70000076293945,44.41999816894531,47711400,6.659999847412109,41.065999603271486,35.02100009918213,,65.33187813007063,3.4780709306622555,2.90502659451381,0.5730443361484454,28085925.0,1.6987654848469473,True,10.709999084472656,5.454928534371512,False,False,False
2024-12-23 14:00:00,45.33000183105469,45.5,41.29999923706055,41.31999969482422,27057200,-3.0999984741210938,40.96799926757812,35.49700012207031,,60.0307592000124,3.53855615177995,3.0317325059670384,0.5068236458129118,28031470.0,0.9652437064485023,False,4.200000762939453,5.550642830984933,False,False,False
2024-12-24 14:00:00,41.9900016784668,45.400001525878906,39.84000015258789,44.58000183105469,18418400,3.2600021362304688,41.11599960327148,36.18200025558472,,63.39455187315284,3.8056765820212632,3.1865213211778833,0.6191552608433799,27383425.0,0.6726112602788,False,5.560001373291016,5.677785737173898,False,False,False
2024-12-26 14:00:00,44.5,48.560001373291016,42.560001373291016,48.2400016784668,24726600,3.6599998474121094,43.263999938964844,37.06150035858154,,66.7752960384923,4.263555236482276,3.401928104238762,0.8616271322435138,27493665.0,0.8993562698898092,False,6.0,5.749928746904645,False,False,False
2024-12-27 14:00:00,46.869998931884766,48.25,44.5,45.47999954223633,22491400,-2.7600021362304688,44.80800018310547,37.72500038146973,,62.11637133926654,4.3535334393779905,3.592249171266608,0.7612842681113827,27404340.0,0.8207240167068428,False,3.75,5.764285905020578,False,False,False
2024-12-30 14:00:00,44.599998474121094,45.790000915527344,41.5099983215332,44.290000915527344,17610900,-1.1899986267089844,44.78200073242188,38.11450042724609,,60.167194006069536,4.279487600320891,3.7296968570774647,0.5497907432434266,27123515.0,0.649285315712215,False,4.280002593994141,5.777857507978167,False,False,False
2024-12-31 14:00:00,44.52000045776367,45.13999938964844,40.900001525878906,41.77000045776367,15311400,-2.520000457763672,44.87200088500977,38.60000038146973,,56.149041080639876,3.9716797115477647,3.778093427971525,0.19358628357623964,26467065.0,0.5785076660370162,False,4.239997863769531,5.786071641104562,False,False,False
2025-01-02 14:00:00,41.279998779296875,43.790000915527344,38.459999084472656,43.099998474121094,22986200,1.3299980163574219,44.57600021362305,39.11550025939941,,57.752659853637795,3.791355085334679,3.780745759444156,0.010609325890523102,26599920.0,0.8641454560765597,False,5.3300018310546875,5.813214574541364,False,False,False
2025-01-03 14:00:00,43.099998474121094,47.909000396728516,43.0,47.77000045776367,28235500,4.670001983642578,44.48199996948242,39.833000373840335,,62.88507086188769,3.979404552548509,3.820477518065027,0.1589270344834821,27150715.0,1.0399541964180317,False,4.909000396728516,5.889571871076312,False,False,False
2025-01-06 14:00:00,48.29999923706055,51.65999984741211,47.13399887084961,51.06999969482422,23299900,3.299999237060547,45.6,40.58900032043457,,66.02594742410152,4.34463521896248,3.9253090582445176,0.4193261607179628,26868010.0,0.8671985755550932,False,4.5260009765625,5.89035769871303,False,False,False
2025-01-07 14:00:00,51.279998779296875,54.7400016784668,48.72999954223633,49.59000015258789,27090300,-1.4799995422363281,46.65999984741211,41.17000026702881,,63.433251233939735,4.463210447467823,4.032889336089179,0.43032111137864426,27233345.0,0.9947474318707452,False,6.010002136230469,5.575357709612165,False,False,False
2025-01-08 14:00:00,38.75,39.0,25.923999786376953,30.25,128343800,-19.34000015258789,44.35599975585937,40.97050018310547,,40.855955053194464,2.962456435435449,3.818802755958433,-0.856346320522984,32529790.0,3.9454235640623563,True,23.666000366210938,6.930786405290876,False,False,False
2025-01-10 14:00:00,31.989999771118164,33.97999954223633,28.510000228881836,32.33000183105469,69769800,2.0800018310546875,42.20200042724609,40.938500213623044,,43.1975612999572,1.9188178947485142,3.4388057837164494,-1.5199878889679352,34767390.0,2.006759782658405,True,5.469999313354492,6.7507862363542825,False,False,False
2025-01-13 14:00:00,29.549999237060547,32.83000183105469,27.163000106811523,27.860000610351562,52751700,-4.470001220703125,38.220000457763675,40.840000247955324,,39.57166196180303,0.7227042068636464,2.895585468345889,-2.1728812614822424,35582780.0,1.4825064258610485,False,5.667001724243164,6.737000601632254,False,True,False
2025-01-14 14:00:00,28.200000762939453,30.200000762939453,26.625,29.510000228881836,43673200,1.6499996185302734,33.9080005645752,40.8160002708435,,41.52286944451754,-0.09103394606211879,2.2982615854642874,-2.389295531526406,36672465.0,1.1908989482981305,False,3.575000762939453,6.227357864379883,False,False,False
2025-01-15 14:00:00,32.779998779296875,40.5,32.40999984741211,39.38999938964844,74872100,9.879999160766602,31.868000411987303,41.09400014877319,,51.60055746382139,0.06060742211772663,1.8507307527949752,-1.7901233306772486,39182205.0,1.9108699982555857,True,10.989999771118164,6.712357793535505,False,False,False
2025-01-16 14:00:00,36.86000061035156,42.0,36.130001068115234,41.54999923706055,46324600,2.1599998474121094,34.128000259399414,41.08100004196167,,53.487781279636714,0.35103175912207973,1.5507909540603961,-1.1997591949383164,39371465.0,1.1766034106173087,False,5.869998931884766,6.734500476292202,False,False,False
2025-01-17 14:00:00,40.029998779296875,42.349998474121094,38.77000045776367,38.88999938964844,30697700,-2.6599998474121094,35.43999977111817,40.8335000038147,,50.85779691338839,0.3623781121481997,1.3131083856779568,-0.9507302735297571,39328325.0,0.7805493877504318,False,3.579998016357422,6.561643191746303,False,False,False
2025-01-21 14:00:00,39.189998626708984,45.560001373291016,38.79999923706055,45.310001373291016,35231900,6.420001983642578,38.929999923706056,41.22400007247925,,56.42655912523949,0.8792749502552724,1.2263416985934201,-0.34706674833814777,39215490.0,0.8984179465818226,False,6.760002136230469,6.776643344334194,False,False,False
2025-01-22 14:00:00,45.2400016784668,45.349998474121094,40.939998626708984,42.040000915527344,26440200,-3.270000457763672,41.43600006103516,41.438000202178955,,53.124418421038364,1.0133761407425723,1.1837485870232507,-0.17037244628067838,39152210.0,0.6753182004285326,False,4.409999847412109,6.785928862435477,False,False,False
2025-01-23 14:00:00,41.439998626708984,43.939998626708984,40.33000183105469,41.349998474121094,17140800,-0.69000244140625,41.827999877929685,41.284500217437746,,52.42722009732499,1.0518498001775072,1.157368829654102,-0.10551902947659486,37623680.0,0.4555854185449164,False,3.609996795654297,6.740928786141532,False,False,False
2025-01-24 14:00:00,41.689998626708984,44.22999954223633,40.5099983215332,40.7599983215332,19665900,-0.5900001525878906,41.66999969482422,41.25650014877319,,51.801200184685705,1.0229405490989762,1.130483173543077,-0.10754262444410068,37254115.0,0.5278853087772988,False,3.720001220703125,6.625928742544992,False,False,False
2025-01-27 14:00:00,38.02000045776367,42.119998931884766,37.0,38.540000915527344,21461100,-2.2199974060058594,41.6,40.954500102996825,,49.410444985825976,0.8115395986398397,1.0666944585624296,-0.2551548599225899,37406250.0,0.5737303258145363,False,5.119998931884766,6.6410000664847235,False,False,False
2025-01-28 14:00:00,40.0099983215332,40.36000061035156,35.75,38.86000061035156,15725200,0.31999969482421875,40.30999984741211,40.48550004959107,,49.77030830377375,0.6621908000194878,0.9857937268538414,-0.32360292683435354,36956180.0,0.4255093464746627,False,4.6100006103515625,6.6470000403268,False,True,False
2025-01-29 14:00:00,39.2599983215332,40.599998474121094,38.38999938964844,39.540000915527344,13098600,0.6800003051757812,39.80999984741211,40.18850011825562,,50.57488716252959,0.5918783376954053,0.9070106490221542,-0.3151323113267489,36486540.0,0.35899814013606113,False,2.2099990844726562,6.375571250915527,False,False,False
2025-01-30 14:00:00,40.45000076293945,41.67900085449219,38.23099899291992,38.810001373291016,12505500,-0.7299995422363281,39.30200042724609,39.9145001411438,,49.655343702115026,0.4718115921896455,0.8199708376556525,-0.34815924546600696,36231270.0,0.34515764973184765,False,3.4480018615722656,4.931428500584194,False,False,False
2025-01-31 14:00:00,38.959999084472656,42.97999954223633,38.79999923706055,39.4900016784668,20046600,0.6800003051757812,39.04800109863281,39.80050020217895,,50.55714749870224,0.42661047299329624,0.7412987647231812,-0.314688291729885,36468030.0,0.549703397743174,False,4.180000305175781,4.839285714285714,False,False,False
2025-02-03 14:00:00,37.400001525878906,42.37699890136719,37.209999084472656,41.470001220703125,16578800,1.9799995422363281,39.63400115966797,39.71900033950806,,53.18662407195362,0.5442835143370175,0.7018957146459486,-0.15761220030893108,36147660.0,0.4586410295991497,False,5.166999816894531,4.803571292332241,False,False,False
2025-02-04 14:00:00,41.88999938964844,44.59000015258789,41.43000030517578,41.86000061035156,16434500,0.3899993896484375,40.23400115966797,39.42350034713745,,53.70883673971727,0.6613858938878181,0.6937937504943225,-0.03240785660650436,35557610.0,0.46219360637568163,False,3.1599998474121094,4.773928369794573,False,False,False
2025-02-05 14:00:00,42.27000045776367,43.59000015258789,39.650001525878906,42.31999969482422,13473000,0.45999908447265625,40.790000915527344,38.98600034713745,36.300166861216226,54.355596073111755,0.7822906949309925,0.7114931393816565,0.07079755554933598,35066265.0,0.3842154275626446,False,3.9399986267089844,4.270356859479632,False,False,True
2025-02-06 14:00:00,42.66999816894531,44.34000015258789,40.650001525878906,41.27000045776367,10405900,-1.0499992370605469,41.28200073242188,38.57000036239624,36.61950019200643,52.55074976028709,0.7843410620804292,0.726062723921411,0.05827833815901817,34232045.0,0.303981254990755,False,3.6899986267089844,4.1146425519670755,False,False,False
2025-02-07 14:00:00,41.65999984741211,43.970001220703125,40.04999923706055,40.56999969482422,15951700,-0.7000007629394531,41.49800033569336,39.08600034713745,36.88250017166138,51.32715565746408,0.7211685987056953,0.7250838988782679,-0.003915300172572578,28612440.0,0.5575092512207976,False,3.920001983642578,4.138928549630301,False,False,False
2025-02-10 14:00:00,39.4900016784668,42.849998474121094,39.18000030517578,41.06999969482422,13666900,0.5,41.418000030517575,39.52300024032593,37.17500015894572,52.18358520645241,0.7033420977858285,0.72073553865978,-0.01739344087395156,25807295.0,0.5295750678248147,False,3.6699981689453125,3.9182139805385043,False,False,False
2025-02-11 14:00:00,41.79999923706055,42.4900016784668,37.54999923706055,37.70000076293945,15568800,-3.3699989318847656,40.58600006103516,40.01500024795532,37.419833501180015,46.273645209585865,0.4125283478232049,0.6590941004924651,-0.24656575266926017,23948150.0,0.6501044965895069,False,4.94000244140625,3.956071308680943,False,False,False
2025-02-12 14:00:00,38.0,39.33000183105469,37.5099983215332,38.0,11894500,0.2999992370605469,39.72200012207031,40.43950023651123,37.60716683069865,46.85070621327347,0.20391320254309164,0.5680579209025904,-0.3641447183594988,22359215.0,0.5319730589826164,False,1.8200035095214844,3.828214645385742,False,True,False
2025-02-13 14:00:00,38.58000183105469,38.849998474121094,36.52000045776367,38.650001525878906,14220200,0.6500015258789062,39.19800033569336,40.40250034332276,37.81533352533976,48.15015953853472,0.08999646454424948,0.4724456296309223,-0.3824491650866728,19326620.0,0.735783080538656,False,2.329998016357422,3.728928702218192,False,False,False
2025-02-14 14:00:00,38.400001525878906,38.58000183105469,37.040000915527344,37.459999084472656,8178200,-1.19000244140625,38.57600021362305,40.19800033569336,37.95400018692017,45.93587542830665,-0.09520911143077626,0.3589146814185826,-0.4541237928493589,17419300.0,0.46949073728565444,False,1.6100006103515625,3.478214536394392,False,False,False
2025-02-18 14:00:00,36.0,36.31999969482422,32.81999969482422,33.939998626708984,20116100,-3.520000457763672,37.15,39.950500297546384,38.099166838328046,40.06644482219028,-0.5200259483674969,0.18312655546136672,-0.7031525038288636,16890220.0,1.190990999525169,False,4.6399993896484375,3.4803573063441684,False,False,False
2025-02-19 14:00:00,33.33000183105469,35.93000030517578,32.34000015258789,34.13999938964844,20531200,0.20000076293945312,36.4379997253418,39.39200019836426,38.20333350499471,40.531393856596104,-0.8309789540707015,-0.019694546445046937,-0.8112844076256546,16155185.0,1.270873716395077,False,3.5900001525878906,3.5789288112095425,False,False,False
2025-02-20 14:00:00,35.63999938964844,35.70899963378906,32.84000015258789,33.75,13058700,-0.3899993896484375,35.587999725341795,38.97750015258789,38.28483349482219,39.88167472477389,-1.096244320629829,-0.23500450128200334,-0.8612398193478256,15486110.0,0.8432524371840314,False,2.868999481201172,3.537571498325893,False,False,False
2025-02-21 14:00:00,34.810001373291016,35.5,31.360000610351562,31.739999771118164,15788800,-2.010000228881836,34.20599937438965,38.497000217437744,38.267500178019205,36.6232488417188,-1.451922397353286,-0.4783880804962599,-0.9735343168570261,15418510.0,1.0240159392833679,False,4.1399993896484375,3.5347142900739397,False,False,False
2025-02-24 14:00:00,31.15999984741211,32.540000915527344,30.010000228881836,31.239999771118164,12451800,-0.5,32.96199951171875,38.02100028991699,38.258166853586836,35.8388320380008,-1.7539274728790275,-0.7334959589728135,-1.020431513906214,15057805.0,0.8269332748033329,False,2.530000686645508,3.3463572093418668,False,False,False
2025-02-25 14:00:00,30.8799991607666,31.110000610351562,28.1200008392334,29.729999542236328,13278400,-1.510000228881836,32.119999694824216,37.58050022125244,38.239000193277995,33.504890789544774,-2.0910092172857446,-1.0049986106353999,-1.0860106066503448,14648670.0,0.9064577193697448,False,3.1199989318847656,3.3435000010899136,False,False,False
2025-02-26 14:00:00,30.780000686645508,31.07200050354004,29.549999237060547,29.93000030517578,13883600,0.20000076293945312,31.277999877929688,37.13400020599365,38.22700020472209,34.11688807901935,-2.3153209593951445,-1.2670630803873488,-1.0482578790077957,14556590.0,0.9537673314972807,False,1.5220012664794922,3.170785903930664,False,False,False
2025-02-27 14:00:00,28.040000915527344,28.989999771118164,24.329999923706055,24.90999984741211,34732800,-5.020000457763672,29.50999984741211,36.40250015258789,38.10533355077108,27.32016092654864,-2.865134230221031,-1.5866773103540852,-1.2784569198669458,15638300.0,2.2210086774137854,True,5.600000381469727,3.3072146006992886,False,False,False
2025-02-28 14:00:00,24.040000915527344,25.6200008392334,23.010000228881836,24.56999969482422,21996100,-0.3400001525878906,28.07599983215332,35.69050006866455,37.90650021235148,26.928862170514222,-3.290371030302783,-1.927416054343825,-1.3629549759589579,16112830.0,1.3651295272152688,False,2.6100006103515625,3.2136430740356445,False,False,False
2025-03-03 14:00:00,25.31999969482422,25.579999923706055,22.649999618530273,23.110000610351562,18253700,-1.4599990844726562,26.45,34.87150001525879,37.757333532969156,25.256044154621947,-3.7025038230848537,-2.2824336080920307,-1.420070214992823,16023185.0,1.1392054700735217,False,2.9300003051757812,3.1607860837663924,False,False,False
2025-03-04 14:00:00,21.450000762939453,23.195999145507812,20.84000015258789,22.350000381469727,21074800,-0.7600002288818359,24.97400016784668,33.915499973297116,37.583333524068195,24.40612929137123,-4.043832908929353,-2.6347134682594953,-1.409119440669858,16247985.0,1.2970716061099268,False,2.355998992919922,2.9762144088745117,False,False,False
2025-03-05 14:00:00,22.90999984741211,23.200000762939453,21.65999984741211,22.6299991607666,16067800,0.279998779296875,23.513999938964844,32.95399990081787,37.40350020726522,25.4021389940915,-4.242836331012565,-2.9563380408101096,-1.2864982902024558,16229650.0,0.9900275113757845,False,1.5400009155273438,2.956214223589216,False,False,False
2025-03-06 14:00:00,21.989999771118164,22.059999465942383,20.31999969482422,20.479999542236328,16639300,-2.1499996185302734,22.62799987792969,31.861999893188475,37.14566685358683,22.906391762805768,-4.5219092229432825,-3.2694522772367445,-1.252456945706538,16387965.0,1.0153365594813022,False,2.309999465942383,2.9547857557024275,False,False,False
2025-03-07 14:00:00,20.510000228881836,21.290000915527344,19.915000915527344,20.549999237060547,16189200,0.06999969482421875,21.82399978637695,30.82599983215332,36.85533348719279,23.17105743320701,-4.683440325319623,-3.5522498868533203,-1.1311904384663025,16677130.0,0.9707425678159252,False,1.375,2.937999997820173,False,False,False
2025-03-10 13:00:00,20.0,20.110000610351562,17.934999465942383,18.270000457763672,15686800,-2.279998779296875,20.855999755859376,29.71099987030029,36.58916680018107,20.680669590304817,-4.938503737492066,-3.82950065698107,-1.1090030805109965,16663885.0,0.9413651138374994,False,2.614999771118164,2.7933571679251537,False,False,False
2025-03-11 13:00:00,18.3799991607666,19.177000045776367,17.8799991607666,18.700000762939453,17836200,0.43000030517578125,20.12599983215332,28.592499923706054,36.351333459218345,22.375165992728398,-5.04775848066167,-4.07315222171719,-0.9746062589444806,16872350.0,1.0571260079360612,False,1.2970008850097656,2.6295715059552873,False,False,False
2025-03-12 13:00:00,20.270000457763672,22.190000534057617,19.59000015258789,21.81999969482422,27255100,3.1199989318847656,19.963999938964843,27.798499870300294,36.21783345540364,33.479389681544106,-4.826943809311874,-4.223910539236127,-0.6030332700757475,17456665.0,1.5613005118675303,True,3.489999771118164,2.673928669520787,False,False,False
2025-03-13 13:00:00,21.700000762939453,22.56999969482422,20.56999969482422,21.3700008392334,32423200,-0.4499988555908203,20.142000198364258,26.96699991226196,36.0741668065389,32.75167246970936,-4.634830299619857,-4.306094491312873,-0.328735808306984,18483100.0,1.754207898025764,True,2.0,2.521071570260184,False,False,False
2025-03-14 13:00:00,22.1299991607666,25.239999771118164,22.059999465942383,25.0,37795900,3.6299991607666016,21.03200035095215,26.284499835968017,35.92700010935466,43.433058498673475,-4.141922855559315,-4.273260164162162,0.13133730860284665,19661885.0,1.9222928015294567,True,3.8699989318847656,2.6167857306344167,False,False,True
2025-03-17 13:00:00,24.979999542236328,25.5,24.030000686645508,24.93000030517578,30552900,-0.06999969482421875,22.36400032043457,25.657999897003172,35.6456667582194,43.290264266546075,-3.7141244308191226,-4.161433017493554,0.4473085866744313,20780620.0,1.470259308913786,False,1.4699993133544922,2.4989286150251115,False,False,False
2025-03-18 13:00:00,23.649999618530273,24.458999633789062,22.635000228881836,22.68000030517578,20876300,-2.25,23.160000228881835,25.094999980926513,35.293000094095866,38.86700511391655,-3.516115699973458,-4.032369553989535,0.5162538540160773,20818630.0,1.0027701150363881,False,2.2950000762939453,2.554142815726144,False,False,False
2025-03-19 13:00:00,23.59000015258789,24.118999481201172,22.18000030517578,23.299999237060547,16600500,0.6199989318847656,23.456000137329102,24.55299997329712,35.05633341471354,40.666076200518674,-3.271452355599596,-3.8801861143115475,0.6087337587119515,20622095.0,0.8049861083464119,False,1.9389991760253906,2.292642729622977,False,False,False
2025-03-20 13:00:00,23.325000762939453,24.5,20.610000610351562,21.139999389648438,29478500,-2.1599998474121094,23.40999984741211,23.92249994277954,34.779333432515465,36.62247928796839,-3.2147907219879954,-3.7471070358468372,0.5323163138588418,21443085.0,1.3747322271958535,False,3.8899993896484375,2.3840712138584683,False,False,False
2025-03-21 13:00:00,20.959999084472656,22.719999313354492,20.860000610351562,22.260000228881836,21965900,1.1200008392333984,22.861999893188475,23.448499965667725,34.4100001335144,39.95637347706685,-3.044417116205441,-3.6065690519185583,0.5621519357131173,21751940.0,1.0098363640208643,False,1.8599987030029297,2.3076425279889787,False,False,False
2025-03-24 13:00:00,23.229999542236328,26.31999969482422,23.079999923706055,26.1200008392334,34724200,3.8600006103515625,23.1,23.192500019073485,34.15666681925456,49.764404477677736,-2.568319033171626,-3.398919048169172,0.8306000149975459,22865560.0,1.5186245165217909,True,4.059999465942383,2.4293568474905833,False,False,False
2025-03-25 13:00:00,25.770000457763672,26.190000534057617,25.040000915527344,25.549999237060547,17186900,-0.5700016021728516,23.673999786376953,22.983500003814697,33.83950010935465,48.50440749477806,-2.2115093348635213,-3.161437105508042,0.9499277706445208,23060985.0,0.7452803945711772,False,1.1499996185302734,2.4014996119907925,False,False,False
2025-03-26 13:00:00,26.729999542236328,27.829999923706055,24.65999984741211,24.799999237060547,29897400,-0.75,23.973999786376954,22.726999950408935,33.44883340199788,46.82446883749097,-1.9665842511763891,-2.922466534641712,0.9558822834653227,23861675.0,1.2529464088334117,False,3.1700000762939453,2.462928227015904,False,False,False
2025-03-27 13:00:00,24.09000015258789,25.200000762939453,23.44499969482422,23.649999618530273,14119000,-1.1499996185302734,24.47599983215332,22.663999938964842,33.085000069936115,44.29136826463373,-1.844018024111378,-2.706776832535645,0.862758808424267,22830985.0,0.6184139668087032,False,1.7550010681152344,2.4900711604527066,False,False,False
2025-03-28 13:00:00,23.65999984741211,23.65999984741211,21.920000076293945,22.850000381469727,15453500,-0.7999992370605469,24.5939998626709,22.577999973297118,32.72766672770182,42.566239877528034,-1.790793505873122,-2.5235801672031406,0.7327866613300187,22503855.0,0.6867045668397703,False,1.739999771118164,2.4275711604527066,False,False,False
2025-03-31 13:00:00,21.670000076293945,23.097999572753906,21.5,22.06999969482422,15046800,-0.7800006866455078,23.783999633789062,22.52599992752075,32.39933338165283,40.89380231365373,-1.7909077585428115,-2.377045685471075,0.5861379269282634,22343510.0,0.6734304502739275,False,1.5979995727539062,2.449071066720145,False,False,False
2025-04-01 13:00:00,24.309999465942383,24.6200008392334,22.219999313354492,23.190000534057617,22958100,1.1200008392333984,23.311999893188478,22.567999935150148,32.067500082651776,44.279202365137365,-1.6812432712250285,-2.237885202621866,0.5566419313968374,22437675.0,1.023194248067146,False,2.5500011444091797,2.3819283076695035,False,False,False
2025-04-02 13:00:00,23.079999923706055,25.834999084472656,22.690000534057617,25.049999237060547,25696300,1.8599987030029297,23.361999893188475,22.688999938964844,31.688833395640057,49.45669606154814,-1.427788368713994,-2.0758658358402915,0.6480774671262974,22919100.0,1.1211740426107482,False,3.144998550415039,2.463713918413435,False,False,False
2025-04-03 13:00:00,23.125,23.77899932861328,22.530000686645508,23.25,19912800,-1.7999992370605469,23.28199996948242,22.82749996185303,31.225166734059652,45.09023936056953,-1.3565311806009035,-1.931998904792414,0.5754677241915105,23082775.0,0.8626692414581869,False,2.519998550415039,2.3672853197370256,False,False,False
2025-04-04 13:00:00,22.600000381469727,22.8700008392334,19.3700008392334,20.68000030517578,26829500,-2.5699996948242188,22.84799995422363,22.834000015258788,30.74333340326945,39.70074361603054,-1.4902580751922834,-1.843650738872388,0.3533926636801046,23614790.0,1.1361312126849317,False,3.8799991607666016,2.539428165980748,False,False,False
2025-04-07 13:00:00,19.610000610351562,24.0,18.809999465942383,22.75,29250700,2.0699996948242188,22.98400001525879,23.057999992370604,30.61833340326945,45.36518352786613,-1.4129186799124618,-1.7575043270804027,0.34458564716794093,24292985.0,1.2040801078994614,False,5.190000534057617,2.746213912963867,False,True,False
2025-04-08 13:00:00,24.049999237060547,24.599000930786133,20.649999618530273,21.280000686645508,26233100,-1.4699993133544922,22.602000045776368,23.186999988555907,30.434166717529298,42.324518509255824,-1.4534884017139547,-1.6967011420071132,0.24321274029315854,24712830.0,1.0615174385127077,False,3.9490013122558594,2.889785494123186,False,False,False
2025-04-09 13:00:00,21.875,26.559999465942383,21.361000061035156,26.3700008392334,31936100,5.090000152587891,22.866000366210937,23.414500045776368,30.409333388010662,53.857304081801686,-1.0626699276857359,-1.5698948991428379,0.507224971457102,24946880.0,1.2801640926640927,False,5.279998779296875,2.9890711648123607,False,False,False
2025-04-10 13:00:00,25.329999923706055,26.614999771118164,24.450000762939453,25.889999389648438,18742100,-0.48000144958496094,23.394000244140624,23.640499973297118,30.349000040690104,52.78537504100587,-0.7826536328705664,-1.4124466458883838,0.6297930130178173,24262825.0,0.7724615744456798,False,2.164999008178711,3.010856900896345,False,False,False
2025-04-11 13:00:00,26.239999771118164,27.25,25.371000289916992,26.09000015258789,15810600,0.20000076293945312,24.476000213623045,23.694999980926514,30.127333386739096,53.20331157315743,-0.5383940403692584,-1.2376361247845589,0.6992420844153004,23163560.0,0.6825634746990532,False,1.8789997100830078,2.8550712040492465,False,False,False
2025-04-14 13:00:00,27.700000762939453,28.25,24.75,25.350000381469727,19201300,-0.7399997711181641,24.996000289916992,23.71599998474121,29.857333405812582,51.39070729015284,-0.3999183409161873,-1.0700925680108846,0.6701742270946973,22595980.0,0.8497661973501481,False,3.5,3.022928374154227,False,False,False
2025-04-15 13:00:00,25.59000015258789,26.075000762939453,24.665000915527344,25.399999618530273,9735200,0.049999237060546875,25.820000076293944,23.851999950408935,29.632500076293944,51.510912923106446,-0.2828799666969424,-0.9126500477480962,0.6297700810511538,22038925.0,0.4417275343511537,False,1.4099998474121094,2.8972140720912387,False,False,False
2025-04-16 13:00:00,24.450000762939453,25.360000610351562,23.801000595092773,24.56999969482422,9711300,-0.8299999237060547,25.45999984741211,23.91549997329712,29.286833381652833,49.33010740647069,-0.25417035155930634,-0.7809541085103383,0.526783756951032,21694465.0,0.44763952464372825,False,1.5989990234375,2.8860710688999722,False,False,False
2025-04-17 13:00:00,24.93000030517578,25.8700008392334,24.479999542236328,25.739999771118164,10178700,1.1700000762939453,25.429999923706056,24.145499992370606,29.01516669591268,52.390014632183345,-0.1354471957036978,-0.6518527259490102,0.5164055302453124,20729475.0,0.4910254601238092,False,1.3900012969970703,2.8610711778913225,False,False,False
2025-04-21 13:00:00,25.155000686645508,25.200000762939453,23.485000610351562,24.030000686645508,11771300,-1.7099990844726562,25.018000030517577,24.23400001525879,28.72650006612142,47.842569735706,-0.1772971037439497,-0.5569416015079981,0.3796444977640484,20219745.0,0.5821685683968814,False,2.2549991607666016,2.907999719892229,False,False,False
2025-04-22 13:00:00,24.489999771118164,25.93000030517578,23.93000030517578,25.559999465942383,12158500,1.529998779296875,25.059999847412108,24.20599994659424,28.473166751861573,51.868174631639675,-0.08601382874617514,-0.46275604695563355,0.3767422182094584,19091460.0,0.6368554316956377,False,2.0,2.868713923863002,False,False,False
2025-04-23 13:00:00,27.09000015258789,27.84000015258789,26.270000457763672,26.799999237060547,14517900,1.239999771118164,25.339999771118165,24.26849994659424,28.277500057220458,54.90590905089903,0.08540198188254777,-0.3531244411879973,0.43852642307054507,18958010.0,0.7657924012066667,False,2.280000686645508,2.8069283621651784,False,False,False
2025-04-24 13:00:00,27.0,29.579999923706055,26.959999084472656,28.389999389648438,17959300,1.5900001525878906,26.10399971008301,24.447999954223633,28.103000036875407,58.52089865564325,0.3455664954661053,-0.2133862538571768,0.5589527493232821,18361105.0,0.9781165131401405,False,2.780000686645508,2.825499943324498,False,False,False
2025-04-25 13:00:00,28.420000076293945,31.850000381469727,27.709999084472656,28.899999618530273,27672300,0.5100002288818359,26.73599967956543,24.710499954223632,27.925666681925456,59.6385643236254,0.5861447908003115,-0.053480044925679156,0.6396248357259906,19038770.0,1.4534709962881005,False,4.14000129699707,2.844071524483817,False,False,False
2025-04-28 13:00:00,29.290000915527344,29.959999084472656,27.26799964904785,28.700000762939453,13570800,-0.1999988555908203,27.66999969482422,25.00299997329712,27.75716667175293,58.96754131039999,0.751998021846358,0.10761556842872828,0.6443824534176297,18944635.0,0.7163400086620829,False,2.6919994354248047,2.665642874581473,False,False,False
2025-04-29 13:00:00,28.899999618530273,29.139999389648438,27.687999725341797,28.09000015258789,8214700,-0.6100006103515625,28.17599983215332,25.303999996185304,27.567166646321613,56.86594201159516,0.8247092166054273,0.2510342980640681,0.5736749185413592,18603030.0,0.44157860305552377,False,1.4519996643066406,2.487285614013672,False,False,False
2025-04-30 13:00:00,26.719999313354492,27.5,26.329999923706055,27.459999084472656,9548200,-0.6300010681152344,28.30799980163574,25.517499923706055,27.333666610717774,54.69772927198466,0.8220217857937335,0.3652317956100012,0.45678999018373234,17932535.0,0.5324512122798032,False,1.760000228881836,2.2358571461268832,False,False,False
2025-05-01 13:00:00,28.334999084472656,28.459999084472656,27.15999984741211,27.3799991607666,9987400,-0.07999992370605469,28.105999755859376,25.63399991989136,27.09233325322469,54.4140070626143,0.8041667188986921,0.4530187802677394,0.35114793863095267,17147090.0,0.582454515605855,False,1.2999992370605469,2.1740714481898715,False,False,False
2025-05-02 13:00:00,27.799999237060547,31.329999923706055,27.649999618530273,30.920000076293945,24011700,3.5400009155273438,28.50999984741211,26.017499923706055,26.90233325958252,63.44889935887591,1.063406648707904,0.5750963539557723,0.4883102947521316,17352035.0,1.3837973471123128,False,3.950000762939453,2.322000094822475,False,False,False
2025-05-05 13:00:00,30.1299991607666,30.829999923706055,29.610000610351562,29.81999969482422,9584900,-1.1000003814697266,28.73399963378906,26.474499893188476,26.71149991353353,59.502500964769865,1.166646943356195,0.6934064718358569,0.4732404715203381,16489805.0,0.5812621798741707,False,1.3099994659423828,2.165571485246931,False,False,False
2025-05-06 13:00:00,28.549999237060547,29.5,27.969999313354492,29.420000076293945,10913300,-0.39999961853027344,28.999999618530275,26.807999897003175,26.525666586558025,58.0876456450115,1.2023292907522283,0.7951910356191312,0.4071382551330971,15572935.0,0.7007863321846524,False,1.8500003814697266,2.197000094822475,False,False,False
2025-05-07 13:00:00,29.024999618530273,29.354999542236328,28.4950008392334,29.139999389648438,8906100,-0.2800006866455078,29.33599967956543,27.20099983215332,26.326833248138428,57.06475554402832,1.1942475504240981,0.8750023385801247,0.3192452118439735,14706585.0,0.6055858651073651,False,0.9249992370605469,2.1488572529384067,False,False,False
2025-05-08 13:00:00,31.739999771118164,33.5,28.110000610351562,31.84000015258789,39187700,2.700000762939453,30.227999877929687,27.474499797821046,26.229166571299235,63.702381908406466,1.3896907201402584,0.9779400148921514,0.411750705248107,15069165.0,2.6005223248932507,True,5.3899993896484375,2.4345714024135043,False,False,False
2025-05-09 13:00:00,31.43000030517578,32.63999938964844,29.93000030517578,31.270000457763672,19086400,-0.5699996948242188,30.297999954223634,27.743499851226808,26.116999912261964,61.53942572856352,1.481508718249387,1.0786537555635987,0.40285496268578824,15086380.0,1.2651411405519415,False,2.7099990844726562,2.467071396963937,False,False,False
2025-05-12 13:00:00,33.119998931884766,33.93000030517578,31.930999755859375,32.88999938964844,16465600,1.6199989318847656,30.911999893188476,28.083499813079833,26.02099987665812,65.16013233700167,1.665793290043652,1.1960816624596093,0.4697116275840427,15119130.0,1.0890573730102195,False,2.6599998474121094,2.514214243207659,False,False,False
2025-05-13 13:00:00,32.61000061035156,34.099998474121094,32.33000183105469,33.220001220703125,13943100,0.3300018310546875,31.672000122070312,28.476999855041505,25.950333245595296,65.86508936585736,1.8175173223877508,1.3203687944452376,0.4971485279425132,14856220.0,0.9385361821513144,False,1.7699966430664062,2.477785382952009,False,False,False
2025-05-14 13:00:00,33.70000076293945,35.290000915527344,32.75,33.40999984741211,18701800,0.18999862670898438,32.52600021362305,28.877499866485596,25.941499932607016,66.28803929458223,1.930833564988685,1.442461748553927,0.4883718164347579,15304550.0,1.2219764710494592,False,2.5400009155273438,2.460642542157854,False,False,False
2025-05-15 13:00:00,32.93000030517578,34.39500045776367,32.22999954223633,32.540000915527344,11151400,-0.8699989318847656,32.66600036621094,29.27599992752075,25.914833291371664,62.47104179646393,1.9282086714346356,1.5396111331300688,0.3885975383045668,15376555.0,0.7252209613921974,False,2.1650009155273438,2.319571086338588,False,False,False
2025-05-16 13:00:00,33.52000045776367,35.150001525878906,32.970001220703125,34.9900016784668,17643800,2.450000762939453,33.41000061035156,29.738500022888182,25.935499986012776,68.05040072219312,2.0996198992101434,1.6516128863460837,0.44800701286405964,15749810.0,1.120254784025966,False,2.6100006103515625,2.313714027404785,False,False,False
2025-05-19 13:00:00,33.599998474121094,35.1349983215332,32.83000183105469,35.09000015258789,13255300,0.09999847412109375,33.85000076293945,30.2914999961853,25.991333325703938,68.25782819070585,2.2179662391440864,1.7648835569056844,0.453082682238402,15824010.0,0.8376700975290081,False,2.3049964904785156,2.3746423721313477,False,False,False
2025-05-20 13:00:00,35.88999938964844,35.9900016784668,34.189998626708984,35.310001373291016,17686200,0.220001220703125,34.268000793457034,30.779000091552735,26.059166685740152,68.73869451385113,2.3029617169359575,1.872499188911739,0.43046252802421847,16100395.0,1.0984947884818974,False,1.8000030517578125,2.3774997166224887,False,False,False
2025-05-21 13:00:00,35.08000183105469,36.61000061035156,33.33000183105469,33.540000915527344,21395200,-1.7700004577636719,34.29400100708008,31.116000175476074,26.122666708628337,60.763139725020366,2.202112419806717,1.9384218350907347,0.2636905847159823,16444260.0,1.3010740525873465,False,3.279998779296875,2.518928255353655,False,False,False
2025-05-22 13:00:00,33.81999969482422,48.91999816894531,33.72999954223633,45.790000915527344,105188100,12.25,36.944001007080075,31.98600025177002,26.387000052134194,78.95901796440009,3.075212116701966,2.1657798914129813,0.9094322252889846,20805700.0,5.055734726541284,True,15.379997253417969,3.3353565761021207,False,False,False
2025-05-23 13:00:00,41.959999084472656,47.86800003051758,41.209999084472656,45.689998626708984,53827300,-0.10000228881835938,39.08400039672851,32.82550020217896,26.733333365122476,78.63841167191289,3.716242042891345,2.4758723217086542,1.2403697211826907,22113450.0,2.434143021554755,True,6.658000946044922,3.7173566818237305,False,False,False
2025-05-27 13:00:00,46.54999923706055,48.08000183105469,43.599998474121094,48.040000915527344,30147600,2.3500022888183594,41.6740005493164,33.79250020980835,27.124500052134195,80.62893316677417,4.363587699921055,2.8534153973511347,1.5101723025699205,22942290.0,1.3140623712802864,False,4.480003356933594,3.9052140372140065,False,False,False
2025-05-28 13:00:00,46.0,48.939998626708984,44.650001525878906,47.560001373291016,28831300,-0.4799995422363281,44.124000549316406,34.766000270843506,27.532000064849854,79.00947502255718,4.782749288812411,3.2392821756433903,1.543467113169021,23973120.0,1.2026511359389183,False,4.289997100830078,4.145571027483259,False,False,False
2025-05-29 13:00:00,48.0,48.81999969482422,42.939998626708984,43.20000076293945,25706100,-4.3600006103515625,46.056000518798825,35.553000354766844,27.879500071207683,66.03515948848082,4.708841661177168,3.533194072750146,1.1756475884270219,24781015.0,1.0373303918342327,False,5.880001068115234,4.180571147373745,False,False,False
2025-05-30 13:00:00,40.459999084472656,41.61000061035156,39.29999923706055,40.34000015258789,27156200,-2.8600006103515625,44.966000366210935,36.20100040435791,28.174666754404704,59.171126300432746,4.369126614640862,3.7003805811282895,0.6687460335125728,25639455.0,1.0591566786423503,False,3.9000015258789062,4.265571321759905,False,False,False
2025-06-02 13:00:00,40.0099983215332,41.06999969482422,38.349998474121094,40.56999969482422,15261800,0.22999954223632812,43.94200057983399,36.683500385284425,28.50950009028117,59.535397595935,4.071525027537071,3.774609470410046,0.2969155571270248,25201960.0,0.605579883469381,False,2.720001220703125,4.269857134137835,False,False,False
2025-06-03 13:00:00,41.7400016784668,42.38999938964844,39.52000045776367,39.810001373291016,12476200,-0.7599983215332031,42.29600067138672,37.18300046920776,28.83050012588501,57.703382012716695,3.731335598572336,3.7659546960425043,-0.034619097470168114,25346525.0,0.492225265593607,False,2.8699989318847656,4.348428726196289,False,False,False
2025-06-04 13:00:00,40.040000915527344,40.150001525878906,37.93000030517578,39.63999938964844,12079000,-0.17000198364257812,40.7120002746582,37.69400043487549,29.186666774749757,57.278788098634465,3.4087216643797973,3.694508089709963,-0.2857864253301656,25404810.0,0.47546114298827663,False,2.220001220703125,4.325571605137417,False,False,False
2025-06-05 13:00:00,39.099998474121094,39.25,35.926998138427734,36.65999984741211,17201700,-2.979999542236328,39.40400009155273,38.07000045776367,29.486000092824302,50.29283725226699,2.8793948673909497,3.5314854452461604,-0.6520905778552106,25819590.0,0.6662266906639494,False,3.713001251220703,4.436143057686942,False,False,False
2025-06-06 13:00:00,37.66999816894531,39.95000076293945,36.79999923706055,39.02000045776367,16146100,2.3600006103515625,39.14000015258789,38.42900047302246,29.772666772206623,54.976167333454825,2.620128680634103,3.349214092323749,-0.7290854116896459,24667510.0,0.6545492431137152,False,3.2900009155273438,4.484714508056641,False,False,False
2025-06-09 13:00:00,42.53499984741211,42.54999923706055,38.849998474121094,40.060001373291016,36305100,1.0400009155273438,39.03800048828125,38.868500518798825,30.084166781107584,56.90319163565369,2.470103921528967,3.1733920581647928,-0.7032881366358259,25528445.0,1.4221430251627156,False,3.700000762939453,4.584357670375279,False,False,False
2025-06-10 13:00:00,40.63999938964844,44.04999923706055,39.459999084472656,39.7400016784668,31977900,-0.31999969482421875,39.024000549316405,39.21100063323975,30.329833475748696,56.107461373180044,2.298886782226667,2.998491002977168,-0.6996042207505009,26304060.0,1.215702062723397,False,4.590000152587891,4.783643177577427,False,True,False
2025-06-11 13:00:00,41.59000015258789,43.959999084472656,38.939998626708984,39.70000076293945,53397300,-0.04000091552734375,39.03600082397461,39.53500061035156,30.57600015004476,56.00203770356373,2.1353532036745193,2.825863443116638,-0.6905102394421188,28276770.0,1.8883804621249174,True,5.020000457763672,4.907929011753628,False,False,False
2025-06-12 13:00:00,39.4900016784668,40.86000061035156,38.62099838256836,38.709999084472656,20079600,-0.9900016784667969,39.44600067138672,39.80000057220459,30.843166796366372,53.33118799251625,1.9039196027810448,2.6414746750495195,-0.7375550722684747,28345660.0,0.7083835761806216,False,2.239002227783203,3.9692865099225725,False,False,False
2025-06-13 13:00:00,37.59000015258789,39.83000183105469,37.439998626708984,37.84000015258789,19404600,-0.8699989318847656,39.210000610351564,40.06500053405762,31.085500144958495,51.028039313440665,1.6314982673120895,2.4394793935020336,-0.8079811261899441,28758320.0,0.6747473426820482,False,2.390003204345703,3.6644295283726285,False,False,False
2025-06-16 13:00:00,37.2400016784668,39.2599983215332,36.029998779296875,38.43000030517578,29311100,0.5900001525878906,38.88400039672852,40.237000465393066,31.37366682688395,52.52537891732868,1.4465357144609499,2.240890657693817,-0.7943549432328672,29341685.0,0.9989576263258229,False,3.229999542236328,3.5751435416085378,False,False,False
2025-06-17 13:00:00,37.86000061035156,38.65599822998047,36.86000061035156,38.040000915527344,18889300,-0.3899993896484375,38.544000244140626,40.38450050354004,31.636666838328043,51.40648927989716,1.2540262335433923,2.043517772863732,-0.7894915393203399,29623385.0,0.6376482633568041,False,1.7959976196289062,3.39700072152274,False,False,False
2025-06-18 13:00:00,37.52000045776367,39.66999816894531,37.310001373291016,39.630001068115234,18288700,1.5900001525878906,38.53000030517578,40.60050048828125,31.861833508809408,55.562578223012196,1.21574643891649,1.8779635060742839,-0.6622170671577938,29653510.0,0.6167465504083665,False,2.359996795654297,3.145571844918387,False,False,False
2025-06-20 13:00:00,39.61000061035156,41.439998626708984,38.91999816894531,40.36000061035156,33099000,0.7299995422363281,38.86000061035156,40.94150047302246,32.108666865030926,57.365503789560016,1.2301340682741895,1.7483976185142651,-0.5182635502400756,30238700.0,1.0945907066110647,False,2.520000457763672,3.0470003400530135,False,False,False
2025-06-23 13:00:00,38.869998931884766,41.209999084472656,37.380001068115234,41.13999938964844,24966100,0.779998779296875,39.52000045776367,40.70900039672851,32.38100020090739,59.26715015873047,1.2896099304410953,1.6566400808996313,-0.36703015045853604,26227600.0,0.9519018133569217,False,3.829998016357422,3.126285825456892,False,False,False
2025-06-24 13:00:00,41.904998779296875,42.810001373291016,40.529998779296875,40.86000061035156,19999100,-0.279998779296875,40.00600051879883,40.46750049591064,32.66783355077108,58.26252324060185,1.2991753337283427,1.5851471314653736,-0.28597179773703085,24536190.0,0.815085797754256,False,2.2800025939941406,3.0841432298932756,False,False,False
2025-06-25 13:00:00,41.720001220703125,42.130001068115234,38.060001373291016,38.11000061035156,16075700,-2.75,40.02000045776367,39.97100048065185,32.92216688791911,49.404816536919434,1.072490959281275,1.482615897028554,-0.4101249377472789,23832595.0,0.6745257912535333,False,4.069999694824219,3.2162859780447826,False,False,False
2025-06-26 13:00:00,39.56999969482422,41.70000076293945,39.0099983215332,41.119998931884766,21786400,3.009998321533203,40.31800003051758,39.649000358581546,33.23966687520345,57.09382065288345,1.1227809484347162,1.4106489073097863,-0.2878679588750701,23480350.0,0.9278566971957403,False,3.5900001525878906,3.2075001852852956,False,False,False
2025-06-27 13:00:00,41.29999923706055,41.869998931884766,38.970001220703125,40.25,21643300,-0.8699989318847656,40.295999908447264,39.50150032043457,33.52400019963582,54.51504000274188,1.0799850884081792,1.344516143529465,-0.26453105512128583,23277210.0,0.9298064501716485,False,2.8999977111816406,3.179642813546317,False,False,False
2025-06-30 13:00:00,41.209999084472656,44.099998474121094,41.08000183105469,42.970001220703125,29526400,2.720001220703125,40.662000274658205,39.63300037384033,33.8226668993632,60.51912856064979,1.2511282004274307,1.3258385549090583,-0.07471035448162766,23395720.0,1.2620428009909506,False,3.8499984741210938,3.190356935773577,False,False,False
2025-07-01 13:00:00,42.369998931884766,42.66999816894531,39.720001220703125,40.099998474121094,21237900,-2.8700027465820312,40.50999984741211,39.609500312805174,34.10350020726522,52.625551879066315,1.142010724926827,1.289072988912612,-0.14706226398578504,23694525.0,0.8963209855441289,False,3.25,3.0946426391601562,False,False,False
2025-07-02 13:00:00,41.189998626708984,44.91999816894531,40.470001220703125,44.75,24757100,4.650001525878906,41.837999725341795,39.856500244140626,34.504666868845625,61.40830189534603,1.4144457507451662,1.314147541279123,0.10029820946604318,24308570.0,1.018451517304391,False,4.819999694824219,3.080356870378767,False,False,True
2025-07-03 13:00:00,44.224998474121094,45.577999114990234,43.220001220703125,44.38999938964844,13345300,-0.3600006103515625,42.491999816894534,40.094000244140624,34.865333525339764,60.47357057598842,1.5830549587429346,1.3679290247718854,0.21512593397104918,24371885.0,0.5475694637489058,False,2.3579978942871094,3.0888565608433316,False,False,False
2025-07-07 13:00:00,46.380001068115234,47.209999084472656,42.849998474121094,45.20000076293945,33850900,0.8100013732910156,43.48199996948242,40.52100028991699,35.264000193277994,61.879568613554405,1.7617311718955335,1.446689454196615,0.3150417176989184,25204345.0,1.343058111607344,False,4.3600006103515625,3.2295706612723216,False,False,False
2025-07-08 13:00:00,46.650001525878906,47.880001068115234,44.68000030517578,44.970001220703125,25675900,-0.22999954223632812,43.88199996948242,40.81850032806396,35.574000199635826,61.21372560768422,1.86329540764131,1.5300106448855542,0.3332847627557558,25680835.0,0.999807833351213,False,3.200000762939453,3.2274278913225447,False,False,False
2025-07-09 13:00:00,45.72999954223633,47.25,44.47999954223633,45.560001373291016,24574200,0.5900001525878906,44.97400054931641,41.09350032806397,35.901833566029865,62.33339768370134,1.968699930353516,1.6177485019791467,0.3509514283743693,25094290.0,0.9792745680391834,False,2.770000457763672,3.296999522617885,False,False,False
2025-07-10 13:00:00,45.560001373291016,46.349998474121094,44.525001525878906,45.93000030517578,19544600,0.3699989318847656,45.210000610351564,41.40300025939941,36.23250023523966,63.053703176398194,2.058362078835607,1.705871217350439,0.3524908614851683,24472625.0,0.7986311235513149,False,1.8249969482421875,3.2587852478027344,False,False,False
2025-07-11 13:00:00,45.0,45.56999969482422,41.77000045776367,41.810001373291016,23363600,-4.119998931884766,44.694001007080075,41.508500289916995,36.50683358510335,51.29153703002135,1.7764921997030143,1.719995413820954,0.056496785882060196,22970940.0,1.0170937715217574,False,4.159999847412109,3.375928061349051,False,False,False
2025-07-14 13:00:00,42.09000015258789,42.720001220703125,41.375,42.40999984741211,16527600,0.5999984741210938,44.13600082397461,41.69350032806396,36.79033358891805,52.6760450315219,1.5832721760993564,1.6926507662766346,-0.10937859017727813,22793340.0,0.7251065442800397,False,1.345001220703125,3.198428290230887,False,False,False
2025-07-15 13:00:00,42.54999923706055,43.13999938964844,41.08000183105469,41.470001220703125,15889200,-0.9399986267089844,43.43600082397461,41.875000381469725,37.07200028101603,50.26545996242575,1.3388603335259859,1.621892679726505,-0.2830323462005191,22617570.0,0.7025157875050237,False,2.05999755859375,3.182713644845145,False,False,False
2025-07-16 13:00:00,42.25,43.66999816894531,40.84000015258789,43.540000915527344,24133200,2.0699996948242188,43.03200073242188,42.130500411987306,37.36866696675619,55.13456284777742,1.297240086840219,1.556962161149248,-0.25972207430902894,22358675.0,1.0793662862401283,False,2.829998016357422,3.094142096383231,False,False,False
2025-07-17 13:00:00,43.435001373291016,44.86000061035156,43.119998931884766,44.84000015258789,20228800,1.2999992370605469,42.8140007019043,42.47050037384033,37.715500291188555,57.92078640493178,1.3535519114890704,1.5162801112172124,-0.162728199728142,22425650.0,0.9020385139338213,False,1.7400016784667969,2.9619993482317244,False,False,False
2025-07-18 13:00:00,44.869998931884766,47.63999938964844,44.02000045776367,46.5099983215332,25760400,1.6699981689453125,43.75400009155273,42.81450023651123,38.06466693878174,61.249941298271516,1.5154649965686957,1.5161170882875092,-0.00065209171881353,22799235.0,1.1298800157110536,False,3.6199989318847656,3.0134280068533763,False,False,False
2025-07-21 13:00:00,46.810001373291016,47.724998474121094,44.41999816894531,44.43000030517578,23907000,-2.079998016357422,44.15800018310547,43.01800022125244,38.35850028991699,55.373676531825566,1.4591239536986507,1.5047184613697375,-0.04559450767108686,22339635.0,1.0701607255445311,False,3.3050003051757812,2.9744995662144254,False,False,False
2025-07-22 13:00:00,44.52000045776367,44.540000915527344,41.290000915527344,41.939998626708984,18995700,-2.490001678466797,44.25199966430664,43.05800018310547,38.58433361053467,49.2786464726798,1.1997213052623863,1.4437190301482674,-0.24399772488588112,22041115.0,0.8618302658463513,False,3.25,2.9744995662144254,False,False,False
2025-07-23 13:00:00,42.7400016784668,43.540000915527344,41.78499984741211,43.279998779296875,14455100,1.3400001525878906,44.199999237060545,43.17900009155274,38.82400026321411,52.32020885384206,1.0897081734431282,1.3729168588072396,-0.28320868536411137,21763915.0,0.6641773780131011,False,1.7550010681152344,2.755571092878069,False,False,False
2025-07-24 13:00:00,42.88999938964844,44.63999938964844,42.25,43.900001525878906,18006300,0.6200027465820312,44.01199951171875,43.4685001373291,39.0773336092631,53.70354300563537,1.04055613059478,1.3064447131647476,-0.2658885825699677,21860445.0,0.8236932047815129,False,2.3899993896484375,2.757856913975307,False,False,False
2025-07-25 13:00:00,44.2400016784668,44.25,42.939998626708984,43.16999816894531,13392000,-0.7300033569335938,43.34399948120117,43.57100009918213,39.32866690953573,51.797987649399396,0.9319546197690869,1.2315466944856155,-0.2995920747165286,21440725.0,0.624605744441944,False,1.3100013732910156,2.5399998256138394,False,True,False
2025-07-28 13:00:00,43.91999816894531,44.529998779296875,41.435001373291016,42.34000015258789,16976700,-0.8299980163574219,42.92599945068359,43.675500106811526,39.57666692733765,49.641245713639314,0.7700367325492934,1.1392447020983512,-0.36920796954905777,21207395.0,0.8005085018692772,False,3.0949974060058594,2.5324995858328685,False,False,False
2025-07-29 13:00:00,43.0099983215332,44.209999084472656,40.349998474121094,40.529998779296875,21070300,-1.8100013732910156,42.64399948120117,43.55349998474121,39.795833587646484,45.21946456289018,0.49001506768379954,1.009398775215441,-0.5193837075316414,20784590.0,1.013746241807031,False,3.8600006103515625,2.6103567395891463,False,False,False
2025-07-30 13:00:00,40.974998474121094,41.86000061035156,39.22999954223633,39.880001068115234,17861400,-0.6499977111816406,41.96399993896485,43.54250011444092,39.94516693751017,43.713590481236494,0.213188987849513,0.8501568177422554,-0.6369678298927424,20615765.0,0.8663952077451407,False,2.6300010681152344,2.6678570338657925,False,False,False
2025-07-31 13:00:00,41.119998931884766,42.275001525878906,39.619998931884766,39.869998931884766,21572700,-0.01000213623046875,41.157999420166014,43.298500061035156,40.11266692479452,43.689480007704844,-0.006924937279485732,0.6787404667379072,-0.685665404017393,20456545.0,1.0545622440153017,False,2.6550025939941406,2.560357230050223,False,False,False
2025-08-01 13:00:00,38.939998626708984,39.19300079345703,37.25,38.119998931884766,20028200,-1.75,40.1479995727539,42.98500003814697,40.25766690572103,39.57649988871493,-0.31890109016084267,0.47921215535815725,-0.7981132455189999,20790690.0,0.9633254115183286,False,2.6199989318847656,2.6514284951346263,False,False,False
2025-08-04 13:00:00,38.9900016784668,40.69599914550781,38.41999816894531,39.86000061035156,16131400,1.7400016784667969,39.65199966430664,42.71800003051758,40.436333592732744,45.1096451835813,-0.42088909780944306,0.2991919047246372,-0.7200810025340803,19904715.0,0.8104310963507892,False,2.576000213623047,2.6882858276367188,False,False,False
2025-08-05 13:00:00,40.63999938964844,42.439998626708984,40.130001068115234,42.02000045776367,22060500,2.1599998474121094,39.95,42.57049999237061,40.60600026448568,51.09645269598441,-0.323690094916536,0.17461550479640256,-0.49830559971293853,19723945.0,1.118462863286224,False,2.579998016357422,2.670428684779576,False,False,False
2025-08-06 13:00:00,43.599998474121094,43.599998474121094,40.779998779296875,41.22999954223633,23969600,-0.7900009155273438,40.21999969482422,42.35399990081787,40.772000249226885,48.99179642018441,-0.3068682700149665,0.07831874983412875,-0.38518701984909526,19693715.0,1.2171192687616328,False,2.8199996948242188,2.7475714002336775,False,False,False
2025-08-07 13:00:00,38.97999954223633,41.577999114990234,38.61000061035156,40.4900016784668,27970400,-0.7399978637695312,40.344000244140624,42.081999969482425,40.89866695404053,47.03736270311861,-0.3492228718883439,-0.007189574510365778,-0.3420332973779781,20115005.0,1.3905241385721754,False,2.967998504638672,2.7009999411446706,False,False,False
2025-08-08 13:00:00,40.5099983215332,42.36899948120117,40.40999984741211,41.849998474121094,20441500,1.3599967956542969,41.09000015258789,42.08399982452393,41.042500241597494,50.913107923596215,-0.2699371560743984,-0.0597390908231723,-0.21019806525122608,19968900.0,1.0236668018769186,False,1.9589996337890625,2.6048570360456194,False,False,False
2025-08-11 13:00:00,41.95000076293945,46.81999969482422,41.40999984741211,44.939998626708984,35598800,3.0900001525878906,42.10599975585937,42.21049976348877,41.23466688791911,58.367662694323236,0.04175322781618007,-0.03944062709530183,0.0811938549114819,20922460.0,1.7014634034429985,True,5.409999847412109,2.759142739432199,False,False,True
2025-08-12 13:00:00,44.650001525878906,44.970001220703125,42.630001068115234,43.0,20775300,-1.9399986267089844,42.30199966430664,42.28699970245361,41.40900020599365,52.93257221903377,0.13072155006914699,-0.005408191662412064,0.13612974173155906,21166765.0,0.981505676469692,False,2.3400001525878906,2.800928388323103,False,False,False
2025-08-13 13:00:00,43.22999954223633,43.5,40.75,41.209999084472656,20702300,-1.7900009155273438,42.29799957275391,42.170499610900876,41.51266682942708,48.44964593955097,0.05614427595098448,0.006902301860267244,0.04924197409071723,20995220.0,0.9860482528880383,False,2.75,2.8266427176339284,False,False,False
2025-08-14 13:00:00,40.5099983215332,41.119998931884766,39.279998779296875,41.029998779296875,16638200,-0.18000030517578125,42.40599899291992,41.97999954223633,41.6116668065389,48.0093254711408,-0.017284031830264723,0.002065035122160851,-0.019349066952425574,20815690.0,0.7993105200932565,False,1.9300003051757812,2.8709283556256975,False,False,False
2025-08-15 13:00:00,40.779998779296875,40.82899856567383,39.41999816894531,40.22999954223633,10334800,-0.7999992370605469,42.08199920654297,41.66599960327149,41.693666776021324,46.00802246385885,-0.1384339667311707,-0.026034765248505457,-0.11239920148266525,20044410.0,0.5155951210337446,False,1.6100006103515625,2.764857155936105,False,False,False
2025-08-18 13:00:00,40.0,40.5,39.0099983215332,40.22999954223633,8204300,0.0,41.13999938964844,41.455999565124515,41.805166753133136,46.00802246385885,-0.23177441183323566,-0.0671826945654515,-0.16459171726778415,19259275.0,0.42599215183333744,False,1.4900016784667969,2.595571517944336,False,True,False
2025-08-19 13:00:00,40.220001220703125,40.290000915527344,36.584999084472656,36.79999923706055,18738400,-3.4300003051757812,39.89999923706055,41.19899959564209,41.65533339182536,38.108767984567656,-0.5758813443137427,-0.16892242451510975,-0.40695891979863297,19246410.0,0.9736049476239984,False,3.7050018310546875,2.6723572867257253,False,False,False
2025-08-20 13:00:00,37.380001068115234,37.40999984741211,34.77000045776367,36.790000915527344,16401300,-0.009998321533203125,39.01599960327148,40.87449970245361,41.507000096639,38.088239302949475,-0.8397156293787447,-0.30308106548783675,-0.5366345638909079,19343720.0,0.8478875831536024,False,2.6399993896484375,2.671285629272461,False,False,False
2025-08-21 13:00:00,37.25,37.37699890136719,36.45000076293945,37.16999816894531,10121000,0.37999725341796875,38.24399948120117,40.53799953460693,41.32583338419597,39.42383787815601,-1.0065408224831813,-0.4437730168869057,-0.5627678055962757,18949455.0,0.5341050705679926,False,0.9269981384277344,2.550357001168387,False,False,False
2025-08-22 13:00:00,37.099998474121094,39.91999816894531,36.650001525878906,39.779998779296875,15199400,2.6100006103515625,38.15399932861328,40.36849956512451,41.19616667429606,47.75974579197604,-0.9175685937764655,-0.5385321322648177,-0.3790364615116478,19039825.0,0.7982951523976717,False,3.2699966430664062,2.599928174700056,False,False,False
2025-08-25 13:00:00,39.70000076293945,39.81999969482422,38.529998779296875,38.68000030517578,12158700,-1.0999984741210938,37.84399948120117,40.185499572753905,41.12083333333333,44.95213055074365,-0.9251535510583366,-0.6158564160235215,-0.30929713503481515,18798925.0,0.6467763449239784,False,1.2900009155273438,2.5077855246407643,False,False,False
2025-08-26 13:00:00,38.849998474121094,40.91999816894531,38.709999084472656,40.75,13548900,2.0699996948242188,38.63399963378906,40.19649963378906,41.12766666412354,50.81211683680688,-0.7554249402127624,-0.6437701208613698,-0.11165481935139265,18422855.0,0.7354397567586566,False,2.2399978637695312,2.4663568224225725,False,False,False
2025-08-27 13:00:00,41.02000045776367,42.66999816894531,40.77000045776367,41.41999816894531,17335700,0.6699981689453125,39.55999908447266,40.273499488830566,41.14183330535889,52.57198076570599,-0.5603907052445223,-0.6270942377380003,0.06670353249347805,18396570.0,0.9423332719088395,False,1.9199981689453125,2.3914996555873325,False,False,True
2025-08-28 13:00:00,41.54999923706055,43.72999954223633,41.45000076293945,43.29999923706055,16109100,1.8800010681152344,40.7859992980957,40.44499950408935,41.19999993642171,57.19941086950478,-0.25122829115771594,-0.5519210484219434,0.3006927572642275,18123390.0,0.8888568860461536,False,2.3100013732910156,2.4165712084089006,False,False,False
2025-08-29 13:00:00,42.54999923706055,43.27000045776367,41.810001373291016,42.7400016784668,11540600,-0.55999755859375,41.37799987792969,40.67599964141846,41.25166664123535,55.463509880181725,-0.05081619600706233,-0.45170007793896727,0.40088388193190494,17699010.0,0.6520477699035144,False,1.4899978637695312,2.136571066720145,False,False,False
2025-09-02 13:00:00,41.03499984741211,43.04999923706055,40.220001220703125,42.9900016784668,13787100,0.25,42.24000015258789,40.83249969482422,41.35716667175293,56.10397742027636,0.12672394915093577,-0.3360152725209867,0.46273922167192244,17581795.0,0.7841690794369972,False,2.829998016357422,2.1715709141322543,False,False,False
2025-09-03 13:00:00,42.64500045776367,43.209999084472656,40.58000183105469,40.970001220703125,10369800,-2.020000457763672,42.284000396728516,40.77999973297119,41.38966668446859,49.86423784440326,0.10323856825197453,-0.24816450436639445,0.351403072618369,16997260.0,0.6100865668937229,False,2.6299972534179688,2.162999289376395,False,False,False
2025-09-04 13:00:00,41.22999954223633,43.029998779296875,40.790000915527344,42.11000061035156,13213900,1.1399993896484375,42.422000885009766,40.82399978637695,41.4238333384196,53.03856720569505,0.17460195540278534,-0.1636112124125585,0.33821316781534383,16459475.0,0.8028141845350475,False,2.2399978637695312,2.1851419721330916,False,False,False
2025-09-05 13:00:00,42.459999084472656,42.72999954223633,40.5099983215332,41.79999923706055,11508900,-0.3100013732910156,42.12200088500977,40.88949966430664,41.458166631062824,52.0730477181679,0.2037942209090886,-0.09013012574822908,0.2939243466573177,15636400.0,0.7360325906218823,False,2.220001220703125,2.2287134443010603,False,False,False
2025-09-08 13:00:00,42.09000015258789,42.59000015258789,40.380001068115234,41.0099983215332,10501700,-0.7900009155273438,41.77600021362305,40.84749965667724,41.47999992370605,49.59529262456161,0.16132319668068362,-0.03983946126244654,0.20116265794313015,15139410.0,0.6936663978318838,False,2.2099990844726562,2.280141830444336,False,False,False
2025-09-09 13:00:00,41.38999938964844,44.2599983215332,41.04499816894531,44.0,17694900,2.990001678466797,41.97799987792969,40.800499725341794,41.56816660563151,57.782983538339444,0.3647283891238047,0.0410741088148037,0.32365428030900095,14244215.0,1.2422516790149545,False,3.25,2.2476416996547153,False,False,False
2025-09-10 13:00:00,44.310001373291016,45.18000030517578,43.560001373291016,43.86000061035156,14430000,-0.1399993896484375,42.555999755859375,40.843499755859376,41.66849994659424,57.31353613646417,0.5087669402782424,0.13461267510749145,0.374154265170751,13926950.0,1.036120615066472,False,1.6199989318847656,2.1747845241001675,False,False,False
2025-09-11 13:00:00,44.20000076293945,47.22999954223633,43.380001068115234,47.04999923706055,21599100,3.1899986267089844,43.54399948120117,41.13549976348877,41.81216659545898,64.40893751155849,0.8702925680680096,0.28174865369959506,0.5885439143684146,13971790.0,1.545907861483747,True,3.8499984741210938,2.3835702623639787,False,False,False
2025-09-12 13:00:00,47.29999923706055,56.06999969482422,47.150001525878906,55.61000061035156,68818800,8.560001373291016,46.305999755859375,41.8644998550415,42.10499992370605,75.95761687002062,1.8264703909228928,0.5906930011442547,1.235777389778638,16580820.0,4.15050642851198,True,9.020000457763672,2.7942848205566406,False,False,False
2025-09-15 13:00:00,56.880001068115234,59.88999938964844,55.95000076293945,59.11000061035156,34677000,3.5,49.92600021362305,42.80849990844727,42.42966658274333,78.96332836331226,2.8340003616391343,1.0393544732432307,1.7946458883959036,17797930.0,1.9483726478303938,True,4.279998779296875,3.0078560965401784,False,False,False
2025-09-16 13:00:00,58.97999954223633,62.849998474121094,57.13100051879883,62.2599983215332,30636600,3.1499977111816406,53.577999877929685,43.90999984741211,42.79466654459635,81.23686547597113,3.8423612631020916,1.599955831215003,2.2424054318870885,18919545.0,1.61930955527736,True,5.718997955322266,3.2563561030796597,False,False,False
2025-09-17 13:00:00,63.310001373291016,66.38999938964844,61.08000183105469,65.44000244140625,49629900,3.180004119873047,57.89400024414063,45.342000007629395,43.199666595458986,83.20967944847851,4.842275559986277,2.248419776969258,2.593855783017019,20464120.0,2.4252154502612377,True,5.30999755859375,3.4984989166259766,False,False,False
2025-09-18 13:00:00,68.56999969482422,70.43000030517578,65.41999816894531,66.80999755859375,45892900,1.3699951171875,61.84599990844727,46.84299983978271,43.63216654459635,83.99064280596178,5.679788929457658,2.934693607466938,2.74509532199072,21938700.0,2.0918696185279892,True,5.010002136230469,3.6913561139787947,False,False,False
2025-09-19 13:00:00,65.9800033569336,71.30000305175781,65.63999938964844,70.41000366210938,50959400,3.600006103515625,64.80600051879883,48.50500011444092,44.17049992879232,85.85278001334211,6.558413407478277,3.659437567469206,2.898975840009071,23980620.0,2.12502429044787,True,5.660003662109375,3.989213671003069,False,False,False
2025-09-22 13:00:00,68.11000061035156,73.16999816894531,66.1500015258789,71.94000244140625,35675500,1.529998779296875,67.37200088500977,50.113000297546385,44.68416665395101,86.56786140737174,7.294105839518366,4.386371221879038,2.9077346176393277,25004425.0,1.426767462159198,False,7.019996643066406,4.288499287196568,False,False,False
2025-09-23 13:00:00,74.08000183105469,76.12899780273438,71.44999694824219,75.13999938964844,40011900,3.1999969482421875,69.94800109863282,51.93600025177002,45.26566664377848,87.94078558058278,8.042649742662896,5.11762692603581,2.9250228166270853,26397085.0,1.5157696389582411,True,4.6790008544921875,4.434856687273298,False,False,False
2025-09-24 13:00:00,75.25,75.94999694824219,71.01000213623047,73.86000061035156,33075600,-1.279998779296875,71.63200073242187,53.5915002822876,45.78049996693929,84.23206994227718,8.43535347079333,5.781172234987315,2.654181235806016,27373420.0,1.208310835840023,False,4.939994812011719,4.62771361214774,False,False,False
2025-09-25 13:00:00,71.16000366210938,72.29000091552734,66.91000366210938,69.43000030517578,44799700,-4.430000305175781,72.15600128173828,54.99200038909912,46.269333330790204,72.79047355645051,8.293507609846813,6.283639309959215,2.0098682998875983,28746620.0,1.5584336523737399,True,6.9499969482421875,4.965570449829102,False,False,False
2025-09-26 13:00:00,68.41000366210938,70.41999816894531,65.33000183105469,67.27999877929688,32156900,-2.1500015258789062,71.53000030517578,56.191000366210936,46.64483331044515,67.96526737685411,7.916351812341716,6.610181810435716,1.3061700019060005,29549010.0,1.0882564255113791,False,5.089996337890625,5.171284539358957,False,False,False
2025-09-29 13:00:00,68.37999725341797,68.87999725341797,63.220001220703125,64.26000213623047,27595300,-3.0199966430664062,69.99400024414062,57.267000389099124,46.976000022888186,61.77115049456632,7.289733129808596,6.746092074310292,0.5436410554983038,30351745.0,0.9091833105477132,False,5.659996032714844,5.343427113124302,False,False,False
2025-09-30 13:00:00,63.59000015258789,65.0,60.59000015258789,61.5,22600600,-2.7600021362304688,67.26600036621093,58.192500305175784,47.247666676839195,56.68651563378335,6.495547574166729,6.695983174281579,-0.20043560011485084,30792420.0,0.7339663462631388,False,4.409999847412109,5.542712892804827,False,False,False
2025-10-01 13:00:00,61.3849983215332,64.8499984741211,60.13999938964844,63.09000015258789,33912400,1.5900001525878906,65.1120002746582,59.29850025177002,47.54966665903727,58.79096719180069,5.926136708566382,6.54201388113854,-0.6158771725721577,31969550.0,1.060771890752294,False,4.709999084472656,5.604141507829938,False,False,False
2025-10-02 13:00:00,64.80999755859375,69.5999984741211,64.41000366210938,69.5999984741211,37383600,6.509998321533203,65.14599990844727,60.67300014495849,47.95033327738444,66.06164628870735,5.9317988684768395,6.4199708786062,-0.48817201012936096,33178035.0,1.12675750688671,False,6.509998321533203,5.424855640956333,False,False,False
2025-10-03 13:00:00,70.58999633789062,73.76000213623047,68.3499984741211,73.27999877929688,37681800,3.6800003051757812,66.34599990844727,62.24700012207031,48.406166585286456,69.35332596321956,6.1621974640505925,6.3684161956950796,-0.206218731644487,34486680.0,1.0926479440757997,False,5.410003662109375,5.505570275442941,False,False,False
2025-10-06 13:00:00,72.0,79.2300033569336,71.87999725341797,78.98999786376953,36301000,5.709999084472656,69.29199905395508,64.14600009918213,49.025833193461104,73.62748950310653,6.727983214169726,6.440329599390009,0.2876536147797166,35776645.0,1.0146563491350293,False,7.350006103515625,5.622070857456753,False,False,True
2025-10-07 13:00:00,80.95999908447266,82.97000122070312,75.4800033569336,79.2300033569336,47589100,0.2400054931640625,72.8379997253418,65.90750026702881,49.63949991861979,73.79293539658175,7.11373621198932,6.575010921909872,0.5387252900794479,37271355.0,1.2768277407676754,False,7.489997863769531,5.777785164969308,False,False,False
2025-10-08 13:00:00,78.94999694824219,82.41000366210938,72.5989990234375,74.30000305175781,40788200,-4.930000305175781,75.08000030517579,67.42950038909912,50.186666615804036,64.80020914051603,6.941619747623243,6.648332687052546,0.2932870605706963,38589265.0,1.0569830754744876,False,9.811004638671875,6.1207139151436945,False,False,False
2025-10-09 13:00:00,74.87000274658203,78.0,73.6500015258789,77.5,25016200,3.1999969482421875,76.66000061035156,68.95200042724609,50.75266660054525,67.5633315793238,6.982934299929852,6.715253009628008,0.2676812903018435,38760120.0,0.6454107985217796,False,4.349998474121094,6.0271421160016745,False,False,False
2025-10-10 13:00:00,77.0,77.37999725341797,70.6449966430664,70.6500015258789,41146800,-6.849998474121094,76.13400115966797,69.70400047302246,51.1828332901001,57.21045488547321,6.389287027591408,6.650059813220689,-0.26077278562928097,37376520.0,1.1008729544644607,False,6.855003356933594,6.015356881277902,False,False,False
2025-10-13 13:00:00,74.11000061035156,84.63999938964844,72.80000305175781,82.08999633789062,49458800,11.439994812011719,76.75400085449219,70.85300025939941,51.77583325703939,66.45520477230977,6.763958556744939,6.672839561925539,0.0911189948194,38115610.0,1.2975995923979702,False,13.989997863769531,6.680428096226284,False,False,True
2025-10-14 13:00:00,79.8499984741211,81.08000183105469,75.91999816894531,77.55000305175781,34459600,-4.5399932861328125,76.41800079345703,71.61750049591065,52.327833302815755,60.837689345597944,6.618257771213678,6.661923203783167,-0.043665432569489404,38306760.0,0.8995696843063731,False,6.1699981689453125,6.768285478864398,False,False,False
2025-10-15 13:00:00,79.94000244140625,80.2300033569336,70.80000305175781,72.41000366210938,31348000,-5.1399993896484375,76.04000091552734,71.9660005569458,52.83566672007243,55.153353403174165,6.018654551794555,6.533269473385445,-0.5146149215908906,37392665.0,0.8383462371564049,False,9.430000305175781,6.945428575788226,False,False,False
2025-10-16 13:00:00,73.87000274658203,73.87000274658203,65.5,65.58999633789062,35988400,-6.82000732421875,73.65800018310547,71.90500049591064,53.207500012715656,48.657142933921754,4.936245125510908,6.2138646038105385,-1.2776194782996306,36897440.0,0.9753630604182838,False,8.370002746582031,7.179714747837612,False,False,False
2025-10-17 13:00:00,65.4020004272461,65.72000122070312,61.20600128173828,62.939998626708984,33423300,-2.6499977111816406,72.11599960327149,71.53150024414063,53.524833297729494,46.37161904871761,3.820554217695701,5.735202526587571,-1.91464830889187,36020635.0,0.927893136808943,False,4.513999938964844,7.0978578839983255,False,False,False
2025-10-20 13:00:00,65.30999755859375,65.5,58.689998626708984,59.939998626708984,28516100,-3.0,67.68600006103516,70.93150005340576,53.80433330535889,43.85992091156135,2.663582090858199,5.120878439441697,-2.4572963485834975,35662665.0,0.7996065352939832,False,6.810001373291016,7.269286564418247,False,True,False
2025-10-21 13:00:00,60.435001373291016,60.900001525878906,57.209999084472656,59.5,26167000,-0.4399986267089844,64.0759994506836,70.14950008392334,54.09033330281576,43.487873654490606,1.6916686299134795,4.435036477536054,-2.743367847622574,34970420.0,0.7482609588332082,False,3.69000244140625,7.1964296613420755,False,False,False
2025-10-22 13:00:00,58.20000076293945,59.349998474121094,52.27000045776367,55.45000076293945,39326800,-4.049999237060547,60.68399887084961,69.22900009155273,54.33900000254313,40.1148188184489,0.5878428324287341,3.66559774851459,-3.0777549160858557,35282980.0,1.1146110674325127,False,7.229999542236328,7.247858319963727,False,False,False
2025-10-23 13:00:00,61.099998474121094,62.93000030517578,57.0,59.369998931884766,65822800,3.9199981689453125,59.439999389648435,68.72600002288819,54.66383330027262,44.59427675511961,0.029029393945677384,2.9382840776008075,-2.90925468365513,36334135.0,1.8115967257786652,True,7.479999542236328,7.395715168544224,False,False,False
2025-10-24 13:00:00,62.0099983215332,64.11000061035156,59.91999816894531,60.29999923706055,27501700,0.9300003051757812,58.91199951171875,68.37700004577637,55.004333305358884,45.63328993879755,-0.33493016335830816,2.2836412294089845,-2.6185713927672927,36101375.0,0.7617909290158615,False,4.740001678466797,7.209286281040737,False,False,False
2025-10-27 13:00:00,63.0,65.5,62.279998779296875,62.79999923706055,25766700,2.5,59.48399963378906,68.30399990081787,55.415666643778486,48.43279724164053,-0.41683659528185757,1.7435456644708163,-2.160382259752674,36009945.0,0.7155439976373194,False,5.200000762939453,7.045715059552874,False,False,False
2025-10-28 13:00:00,62.79999923706055,64.56999969482422,57.06999969482422,57.150001525878906,35730100,-5.649997711181641,59.013999938964844,68.08649997711181,55.70383332570394,43.03890007915247,-0.9269700947432042,1.2094425126280122,-2.1364126073712164,36666420.0,0.9744638282112079,False,7.5,6.88064329964774,False,False,False
2025-10-29 13:00:00,58.849998474121094,62.099998474121094,57.91999816894531,61.11000061035156,25520900,3.9599990844726562,60.145999908447266,67.9875,56.021999994913735,47.4558171852977,-1.0001862132835626,0.7675167674456973,-1.76770298072926,36246845.0,0.7040861073563782,False,4.9499969482421875,6.923500333513532,False,False,False
2025-10-30 13:00:00,59.38999938964844,61.84000015258789,58.20000076293945,60.16999816894531,16098700,-0.94000244140625,60.305999755859375,67.51599998474121,56.33766663869222,46.53340653656071,-1.1211370853771143,0.389785996881135,-1.5109230822582493,35182600.0,0.45757561976658917,False,3.6399993896484375,6.693857192993164,False,False,False
2025-10-31 13:00:00,61.0,62.970001220703125,59.959999084472656,62.380001068115234,19319900,2.210002899169922,60.72200012207031,66.97100009918213,56.70249996185303,49.04125956769301,-1.0268261460821293,0.10646356828848218,-1.1332897143706115,34264505.0,0.5638458807445197,False,3.0100021362304688,5.909571783883231,False,False,False
2025-11-03 14:00:00,62.349998474121094,62.689998626708984,56.560001373291016,58.400001525878906,23850500,-3.979999542236328,59.842000579833986,65.94150028228759,56.97833334604899,44.95201061735757,-1.2587269275412964,-0.16657453087747356,-1.092152396663823,33641980.0,0.7089505433390068,False,6.129997253417969,5.906714575631278,False,False,False
2025-11-04 14:00:00,55.77000045776367,57.15999984741211,53.08000183105469,53.380001068115234,22044300,-5.020000457763672,59.08800048828125,64.64900016784668,57.11900005340576,40.378614999654026,-1.8265269845455379,-0.49856502161108646,-1.3279619629344515,32364740.0,0.6811208741364831,False,5.319999694824219,5.613143103463309,False,False,False
2025-11-05 14:00:00,55.0,56.40999984741211,53.099998474121094,55.40999984741211,21843100,2.029998779296875,57.94800033569336,63.70450000762939,57.32583338419597,42.9081487512452,-2.088632232174234,-0.816578463723716,-1.272053768450518,31417485.0,0.6952529777606323,False,3.3100013732910156,5.251714433942523,False,False,False
2025-11-06 14:00:00,57.279998779296875,58.9900016784668,54.099998474121094,57.43000030517578,35305500,2.020000457763672,57.400000762939456,62.70100002288818,57.59616673787435,45.39095797771715,-2.1090436320369434,-1.0750714973863615,-1.033972134650582,31931950.0,1.1056481047978592,False,4.890003204345703,5.278571810041155,False,False,False
2025-11-07 14:00:00,54.619998931884766,55.06999969482422,51.310001373291016,51.83089828491211,6029813,-5.599102020263672,55.29018020629883,61.76004486083984,57.7761817296346,40.17560989182987,-2.5476527972833267,-1.3695877573657547,-1.178065039917572,30176100.65,0.19982081415810762,False,6.119998931884766,5.22928592136928,False,False,False
