날짜,시가,고가,저가,종가,거래량,전일비,MA5,MA20,MA60,RSI,MACD,MACD_Signal,MACD_Histogram,TR,ATR,평균거래량,거래량비율,거래량신호,골든크로스,데드크로스,MACD_골든크로스
2024-11-07 14:00:00,146.3480493601011,148.88731477688594,146.12811118371621,148.83734130859375,207323300,0.0,,,,,0.0,0.0,0.0,2.7592035931697296,,,,False,False,False,False
2024-11-08 14:00:00,148.7273495355645,149.72706281958904,146.21805942983792,147.58767700195312,175665800,-1.249664306640625,,,,0.0,-0.09968832075765022,-0.019937664151530046,-0.07975065660612017,3.509003389751115,,,,False,False,False,False
2024-11-11 14:00:00,148.63735542204353,148.80732009469307,143.52883547102425,145.2183380126953,182325600,-2.3693389892578125,,,,0.0,-0.3656627555854186,-0.08908268243830776,-0.27658007314711086,5.278484623668817,,,,False,False,False,False
2024-11-12 14:00:00,146.73790556674717,149.60707763368606,145.96812211424654,148.24746704101562,198634700,3.0291290283203125,,,,48.02998149326505,-0.32824026487980973,-0.13691419892660817,-0.19132606595320156,4.388739620990748,,,,False,False,False,False
2024-11-13 14:00:00,149.02728904721945,149.2872090486766,145.85818403502842,146.22808837890625,191903300,-2.019378662109375,147.22378234863282,,,35.71470514214697,-0.4562700555792105,-0.20078537025712864,-0.2554846853220819,3.429025013648186,,,,False,False,False,False
2024-11-14 14:00:00,147.59766330614426,148.9572739334313,145.50826627914395,146.71791076660156,194463300,0.4898223876953125,146.79989624023438,,,39.750166081156,-0.5123044868172428,-0.2630891935691515,-0.24921529324809133,3.4490076542873567,,,,False,False,False,False
2024-11-15 14:00:00,144.8284560077565,145.19836028928967,140.03983617411208,141.9392852783203,250132900,-4.77862548828125,145.67021789550782,,,23.952752630272926,-0.9315687726151509,-0.39678510937835143,-0.5347836632367995,6.67807459248948,,,,False,False,False,False
2024-11-18 14:00:00,139.45999475223928,141.50940991238423,137.1106625740026,140.10980224609375,221205300,-1.8294830322265625,144.6485107421875,,,20.580547163165335,-1.3953776854536386,-0.5965036245934089,-0.7988740608602297,4.8286227043177234,,,,False,False,False,False
2024-11-19 14:00:00,141.2794937524248,147.08782570288798,140.94958652618317,146.9678497314453,227834900,6.8580474853515625,144.39258728027343,,,49.361121775663165,-1.1957782857354573,-0.7163585568218186,-0.4794197289136387,6.978023456794233,,,,False,False,False,False
2024-11-20 14:00:00,147.36774356025674,147.5176944558783,142.68907730947365,145.84817504882812,309871700,-1.1196746826171875,144.3166046142578,,,46.40441711702413,-1.1150886647891696,-0.7961045784152888,-0.31898408637388076,4.828617146404667,,,,False,False,False,False
2024-11-21 14:00:00,149.30720000657334,152.84617867409492,140.65967008206871,146.62796020507812,400946600,0.77978515625,144.29861450195312,,,48.70869302546279,-0.9769576539789284,-0.8322751935280168,-0.1446824604509116,12.1865085920262,,,,False,False,False,False
2024-11-22 14:00:00,145.888140786496,147.11779901269117,141.05953942682146,141.90928649902344,236406200,-4.7186737060546875,144.29261474609376,,,38.04835391427722,-1.234020346801742,-0.9126242241827619,-0.3213961226189802,6.058259585869706,,,,False,False,False,False
2024-11-25 14:00:00,141.9492922301626,142.0092725854583,135.78106320516017,135.9810028076172,344941900,-5.92828369140625,143.46685485839845,,,29.35572610529411,-1.8942713510707847,-1.1089536495603665,-0.7853177015104182,6.228209380298125,,,,False,False,False,False
2024-11-26 14:00:00,137.66052777043362,139.26007526155422,135.63111085304342,136.88075256347656,190287700,0.899749755859375,141.44943542480468,,,31.89873474534508,-2.3181999767278683,-1.350802914993867,-0.9673970617340013,3.6289644085107966,5.302053125873349,,,False,False,False,False
2024-11-27 14:00:00,134.97128602051475,137.18065910710888,131.76221489663718,135.3011932373047,226370900,-1.579559326171875,139.3400390625,,,29.866148518258015,-2.749924288071469,-1.6306271896093874,-1.1192970984620816,5.418444210471705,5.4919988842520615,,,False,False,False,False
2024-11-29 14:00:00,136.74079305563075,139.31006372977,136.0110065692894,138.2103729248047,141863200,2.9091796875,137.65652160644532,,,37.73544161658781,-2.824760348519362,-1.8694538213913825,-0.9553065271279797,4.00887049246532,5.527703677303076,,,False,False,False,False
2024-12-02 14:00:00,138.79019534076207,140.40972595950504,137.78049042793322,138.5902557373047,171682800,0.3798828125,136.99271545410156,,,38.70263566298951,-2.8208975464654884,-2.0597425664062037,-0.7611549800592847,2.6292355315718225,5.338471599296148,,,False,False,False,False
2024-12-03 14:00:00,138.22037595856943,140.4997214017946,137.91046723010535,140.2198028564453,164414000,1.629547119140625,137.8404754638672,,,42.80674989879188,-2.6557317912329665,-2.1789404113715563,-0.4767913798614103,2.589254171689248,5.2099369243460405,,,False,False,False,False
2024-12-04 14:00:00,141.95930442882306,145.74821154635353,140.2497877832653,145.09840393066406,231224300,4.87860107421875,139.4840057373047,,,52.96101791611256,-2.1068875179224165,-2.1645298326817284,0.05764231475931192,5.528408689908218,5.359892901221757,,,False,False,False,True
2024-12-05 14:00:00,145.0784040292141,146.50808533514203,143.91865294893697,145.02841186523438,172621200,-0.0699920654296875,141.42944946289063,143.0774688720703,,52.816137837927215,-1.6584546193467702,-2.063314790014737,0.40486017066796665,2.589432386205061,5.298494667787308,222005980.0,0.7775520281030268,False,False,False,False
2024-12-06 14:00:00,144.56851457164973,145.66826585624298,141.27922253713282,142.4089813232422,188505600,-2.6194305419921875,142.26917114257813,142.75605087280275,,47.57121228909673,-1.4971759572102599,-1.9500870234538417,0.4529110662435818,4.389043319110158,5.134992433974499,221065095.0,0.8527153506527116,False,False,False,False
2024-12-09 14:00:00,138.93972344033872,139.91950565348523,137.1001279875636,138.77975463867188,189308600,-3.6292266845703125,142.30707092285155,142.31565475463867,,41.432149881074494,-1.6432671573572293,-1.8887230502345194,0.24545589287729008,5.308853335678577,5.169294621928846,221747235.0,0.853713463439578,False,False,False,False
2024-12-10 14:00:00,138.97971741196267,141.78911819403848,133.76085313448985,135.04058837890625,210020900,-3.739166259765625,141.27122802734374,141.80676727294923,,36.24267474974475,-2.037280452754459,-1.9184345307385073,-0.11884592201595146,8.02826505954863,5.244311879268445,223132000.0,0.9412406109388165,False,False,False,False
2024-12-11 14:00:00,137.33007570041752,140.1394610798945,135.18055019628483,139.27964782714844,184905200,4.2390594482421875,140.10747680664062,141.35837631225587,,44.69928181711277,-1.984604868345457,-1.9316685982598973,-0.05293627008555957,5.098872700988238,5.263615847452987,222445525.0,0.8312381199846569,False,False,False,False
2024-12-12 14:00:00,137.05015122102654,138.4098556769623,135.77043117490655,137.31008911132812,159211400,-1.9695587158203125,138.56381225585938,140.91247634887696,,41.91736496652726,-2.0778340388785352,-1.960901686383625,-0.11693235249491019,3.5092166522418893,4.643809280325535,220810930.0,0.7210304308758629,False,False,False,False
2024-12-13 14:00:00,138.90974525213795,139.56960518418134,132.51112983721956,134.22076416015625,231514900,-3.089324951171875,136.9261688232422,140.2876190185547,,37.92983552836006,-2.3736396923654297,-2.043449287579986,-0.3301904047854438,7.058475346961785,4.715253263260684,222663510.0,1.0397523150515322,False,False,False,False
2024-12-16 14:00:00,134.1507548377073,134.37070812011547,130.39157963416955,131.9712371826172,237951100,-2.2495269775390625,135.56446533203126,139.78921661376953,,35.29679525859652,-2.7577956790051132,-2.1863185658650113,-0.571477113140102,3.979128485945921,4.5546046279498125,222054420.0,1.0715891176586352,False,False,False,False
2024-12-17 14:00:00,129.06188284882555,131.5613383936032,126.8323727744144,130.36160278320312,259410300,-1.6096343994140625,134.62866821289063,139.301806640625,,33.50453584604357,-3.1557486043426763,-2.3802045735605444,-0.775544030782132,5.138864408202792,4.662454627927812,223964670.0,1.1582643816098317,False,False,False,False
2024-12-18 14:00:00,133.83084634553458,136.67022414162827,128.2520598203989,128.88192749023438,277444500,-1.47967529296875,132.54912414550782,138.39751052856445,,31.90094698717519,-3.549608912757435,-2.6140854413999226,-0.9355234713575125,8.41816432122937,4.8767203501247876,226445150.0,1.225217232517455,False,False,False,False
2024-12-19 14:00:00,131.7312862928068,134.0007959707685,129.52177635647746,130.65151977539062,209719200,1.76959228515625,131.2174102783203,137.63767776489257,,35.855010493914634,-3.6765734859159807,-2.8265830503031344,-0.8499904356128463,5.1188684805341325,4.9560059207011316,221437525.0,0.9470806720766952,False,False,False,False
2024-12-20 14:00:00,129.7817201303188,135.25052978203578,128.19207015255643,134.670654296875,306528600,4.019134521484375,131.30738830566406,137.03981246948243,,43.831943972603035,-3.413534161338731,-2.943973272510254,-0.469560888828477,7.0584596294793585,5.27237907055167,216716625.0,1.4144212517152295,False,False,False,False
2024-12-23 14:00:00,136.25031123897003,139.75954112073697,135.09056027465786,139.6395721435547,176053500,4.9689178466796875,132.84105529785157,136.92632675170898,,51.81074132226484,-2.7721676353810665,-2.9096121450844166,0.1374445097033501,5.088886823861969,5.450924259992578,213698990.0,0.8238387088305845,False,False,False,True
2024-12-24 14:00:00,139.9695150682445,141.8690952419841,138.61980292789985,140.18946838378906,105157000,0.549896240234375,134.80662841796874,137.1367500305176,,52.612993552153185,-2.194214473254476,-2.7665326107184285,0.5723181374639523,3.2492923140842436,5.288130233148009,201709745.0,0.521328307663073,False,False,False,False
2024-12-26 14:00:00,139.6695752314167,140.81933395538283,137.70000300728188,139.89952087402344,116205600,-0.289947509765625,137.01014709472656,137.2876884460449,,52.12028423017001,-1.739526589481244,-2.5611314064709916,0.8216048169897476,3.119330948100952,5.325980130426287,198005640.0,0.5868802525018985,False,False,False,False
2024-12-27 14:00:00,138.51983681592935,138.98973570413628,134.6806765533369,136.98016357421875,170582600,-2.9193572998046875,138.2758758544922,137.37163696289062,,47.315702248644165,-1.5963491820708953,-2.3681749615909724,0.7718257795200771,5.218844320686543,5.385251630538886,195216225.0,0.8738136392095482,False,False,False,False
2024-12-30 14:00:00,134.80062832550155,140.23944563051566,133.99080722961983,137.46005249023438,167734700,0.479888916015625,138.83375549316406,137.3341209411621,,48.161639675642135,-1.427699400263009,-2.18007984932538,0.7523804490623709,6.248638400895828,5.452379135197261,196509800.0,0.853569134974439,False,False,False,False
2024-12-31 14:00:00,137.99994871496077,138.0399485497518,133.80086613446198,134.26075744628906,155659200,-3.1992950439453125,137.75799255371095,137.11764602661134,,43.18343768703309,-1.5345107211526283,-2.0509660236908296,0.5164553025382013,4.239082415289829,5.181723232035918,195708620.0,0.7953620029613412,False,False,False,False
2025-01-02 14:00:00,135.97038221662075,138.84975989825128,134.60068545398187,138.27987670898438,198247200,4.0191192626953125,137.37607421875,137.0206497192383,,50.153930055299675,-1.2800940003679102,-1.896791619026246,0.6166976186583357,4.589002451962216,5.14530392853406,197400280.0,1.004290368787724,False,False,False,False
2025-01-03 14:00:00,139.97950221326124,144.86843662681642,139.69956441393234,144.43853759765625,229322500,6.158660888671875,138.28387756347655,136.9876564025879,,58.546416743776675,-0.5748875072052897,-1.6324107966620547,1.057523289456765,6.588559917832043,5.365257018933356,197305190.0,1.1622730248504867,False,False,False,False
2025-01-06 14:00:00,148.55763229845726,152.12686204773377,147.78781099429082,149.39744567871094,265377400,4.9589080810546875,140.767333984375,137.20610809326172,,63.82749681500454,0.379758538145353,-1.2299769297005732,1.6097354678459261,7.688324450077516,5.410246240584479,201943000.0,1.314120321080701,False,False,False,False
2025-01-07 14:00:00,152.99665754898407,153.09664186378797,139.97948999458222,140.10946655273438,351782200,-9.287979125976562,141.297216796875,137.09113235473632,,50.778899817980715,0.38245145208125564,-0.9074912533442074,1.289942705425463,13.117151869205742,6.062962196531609,210106830.0,1.6743015921947897,True,False,False,False
2025-01-08 14:00:00,142.54894625810496,143.91864297451565,137.5300354006173,140.07948303222656,227349900,-0.0299835205078125,142.4609619140625,137.15611877441407,,50.74283557545688,0.3778110160408801,-0.65043079946719,1.02824181550807,6.388607573898355,6.152229565509864,212008895.0,1.0723601950757773,False,False,False,False
2025-01-10 14:00:00,137.42007490895548,139.88953842521914,134.19078233209814,135.8804168701172,207602500,-4.199066162109375,141.98106994628907,137.1981101989746,,45.833412105242616,0.03490156728210536,-0.513364326117331,0.5482658933994363,5.888700700128425,5.971553592574082,211887975.0,0.9797748078908206,False,False,False,False
2025-01-13 14:00:00,129.96170394882952,133.46094192558937,129.4817974709377,133.20098876953125,204808900,-2.6794281005859375,139.73356018066406,136.89417724609376,,42.9761052072526,-0.447900972587405,-0.5002716554113458,0.05237068282394075,6.398619399179495,6.062964372477323,212883160.0,0.9620718707858339,False,False,False,False
2025-01-14 14:00:00,136.02036676060487,136.35029670610186,130.021673763493,131.73129272460938,195590500,-1.469696044921875,136.20032958984376,136.6152374267578,,41.44971236082341,-0.9383014963240726,-0.5878776235938912,-0.3504238727301814,6.32862294260886,6.010833180558001,214702115.0,0.910985436729396,False,False,True,False
2025-01-15 14:00:00,133.6208947252083,136.42028814155947,131.26140794998662,136.21034240722656,185217300,4.4790496826171875,135.42050476074218,136.71471633911133,,47.562310604306866,-0.9545224277457578,-0.6612065844242645,-0.2933158433214933,5.158880191572848,6.015832706823064,212387235.0,0.8720735970784684,False,False,False,False
2025-01-16 14:00:00,138.6097963703303,138.7197730168145,133.46092441099125,133.54090881347656,209235600,-2.66943359375,134.1127899169922,136.7931999206543,,44.57547883753504,-1.1692996558226127,-0.7628251987039342,-0.4064744571186786,5.258848605823232,6.159372441947277,210951460.0,0.9918660909007219,False,False,False,False
2025-01-17 14:00:00,136.66022586007293,138.46982912838536,135.4304980750839,137.6800079345703,201188800,4.13909912109375,134.47270812988282,137.15912017822265,,49.83580916378387,-0.9940625153873555,-0.8090726620406185,-0.184989853346737,4.928920314908794,6.288628825290695,208040385.0,0.9670660819052032,False,False,False,False
2025-01-21 14:00:00,139.1296971907641,141.79911388356058,137.0601406758009,140.79933166503906,197749000,3.11932373046875,135.99237670898438,137.7549903869629,,53.423516964942706,-0.5966051702751827,-0.7665791636875313,0.16997399341234865,4.7389732077596705,6.254352317224489,204055610.0,0.9690936701029685,False,False,False,True
2025-01-22 14:00:00,144.6285153116103,147.7578236263026,143.63872531436203,147.03799438476562,237651400,6.2386627197265625,139.05371704101563,138.57431411743164,,59.64056313684666,0.21926305405327184,-0.5694107201393707,0.7886737741926425,6.958491961263547,6.305056142965041,205452220.0,1.1567234464538763,False,False,False,False
2025-01-23 14:00:00,145.0184168760411,147.19793483530896,143.68870466698334,147.1879425048828,155915500,0.1499481201171875,141.24923706054688,139.20017852783204,,59.77952601060373,0.8679389994589428,-0.281940776219708,1.1498797756786507,3.5092301683256153,6.252923839610454,197921565.0,0.7877640822009466,False,False,False,False
2025-01-24 14:00:00,148.3376757009225,148.93755110518853,141.8490991802554,142.58892822265625,234657600,-4.5990142822265625,143.0588409423828,139.3476463317871,,53.67522452486099,0.9993969170839705,-0.025673237558972273,1.0250701546429428,7.088451924933139,6.431455944822663,200851770.0,1.1683123330205156,False,False,False,False
2025-01-27 14:00:00,124.77281833637456,128.37202500863236,116.67457662673027,118.39420318603516,818830900,-24.194725036621094,139.2016799926758,138.2578830718994,,34.00334759748756,-0.8390616622517655,-0.1883509224975309,-0.6507107397542345,25.91435159592598,7.811869636115087,236535465.0,3.461767984771332,True,False,False,False
2025-01-28 14:00:00,121.78346978934897,128.97190639273322,116.22468308647471,128.9619140625,579666400,10.567710876464844,136.83419647216797,137.71100273132325,,43.707686251800055,-1.4268792067740037,-0.4360565793528255,-0.9908226274211782,12.747223306258505,8.173219554413729,259708505.0,2.231988513429701,True,False,True,False
2025-01-29 14:00:00,126.47245082309266,126.86236527865272,120.02385855553806,123.67305755615234,467120600,-5.288856506347656,132.1612091064453,137.04564743041993,,40.498133013527585,-2.293062369435688,-0.8074577373693981,-1.4856046320662901,8.938055506961945,7.874712671396315,274535405.0,1.7014949310454146,True,False,False,False
2025-01-30 14:00:00,123.07319063695674,124.97277839409357,118.07427950119299,124.62285614013672,392925500,0.949798583984375,127.6481918334961,136.40378761291504,,41.33132950146884,-2.869796728132741,-1.2199255355220666,-1.6498711926106742,6.898498892900577,7.911133479896473,285794945.0,1.3748511192176616,False,False,False,False
2025-01-31 14:00:00,123.75304497053646,127.8221583994493,119.16404813082586,120.04385375976562,388161100,-4.579002380371094,123.13917694091796,135.69294242858888,,38.53014619433898,-3.6542264386157797,-1.7067857161408093,-1.9474407224749704,8.658110268623432,8.108948449074688,297420040.0,1.305093967440795,False,False,False,False
2025-02-03 14:00:00,114.72501007137596,118.54417785753162,112.98539113939225,116.63459777832031,371235700,-3.4092559814453125,122.787255859375,134.61067848205568,,36.54425828749754,-4.499127954595394,-2.2652541638317265,-2.233873790763668,7.058462620373376,8.156080107731395,306069465.0,1.212913218899507,False,False,False,False
2025-02-04 14:00:00,116.93452639047727,121.17360082598954,116.67458088005824,118.62416076660156,256550000,1.98956298828125,120.7197052001953,133.31995964050293,,38.53522116736126,-4.95110414093196,-2.8024241592517734,-2.148679981680187,4.539003047669226,8.028250115235705,307430840.0,0.8344966302014463,False,False,False,False
2025-02-05 14:00:00,121.73348714021286,124.97277944773282,120.733704904631,124.80281829833984,262230800,6.178657531738281,120.9456573486328,132.09022827148436,137.4579350789388,44.37240822967282,-4.755909336915295,-3.193121194784478,-1.5627881421308167,6.348618681131256,8.113231435918449,307273510.0,0.85341167222648,False,False,False,False
2025-02-06 14:00:00,127.39224223836113,128.74195426970414,125.18272455855072,128.65196228027344,251483600,3.8491439819335938,121.75147857666016,131.51735305786133,137.12151209513345,47.70435120055973,-4.241726317125028,-3.4028422192525882,-0.8388840978724401,3.939135971364294,8.018966247742812,302258580.0,0.8320147603419562,False,False,False,False
2025-02-07 14:00:00,129.19184651154228,130.3415898450845,124.97276475304243,129.81170654296875,228186300,1.1597442626953125,123.70504913330078,131.00396423339845,136.82524592081705,48.70135306438118,-3.698022399557246,-3.46187825531352,-0.23614414424372576,5.368825092042087,8.050388017538046,302300400.0,0.754832941008348,False,False,False,False
2025-02-10 14:00:00,130.06165595495793,134.97058996230598,129.93169464945112,133.54090881347656,216989100,3.7292022705078125,127.08631134033203,130.8869888305664,136.63062210083007,51.878298667613606,-2.9324146203447583,-3.355985528319768,0.4235709079750096,5.158883419337229,8.080381604079301,302769730.0,0.7166802969372137,False,False,False,True
2025-02-11 14:00:00,132.55113432807275,134.45071452657314,130.991476437857,132.77108764648438,178902400,-0.7698211669921875,129.9156967163086,130.86549377441406,136.37268244425456,51.173752071663756,-2.3605718708033407,-3.1569027968164827,0.7963309260131419,3.4592380887161482,7.830434898897344,301474405.0,0.5934248381715854,False,False,False,False
2025-02-12 14:00:00,129.9916837727306,132.21120144058102,129.05188607934784,131.11143493652344,160278600,-1.6596527099609375,131.17742004394532,130.83450088500976,136.12073822021483,49.60952038650121,-2.0180397690135976,-2.929130191255906,0.9110904222423084,3.719201567136537,7.845432855955266,299708810.0,0.5347810763387303,False,False,False,False
2025-02-13 14:00:00,131.53134519031366,136.4702717517269,131.1414307383845,135.26052856445312,197430000,4.1490936279296875,132.49913330078124,130.7870101928711,135.92978185017904,53.44109490046715,-1.395694730123978,-2.6224430990295207,1.2267483689055427,5.3588368152034604,7.721888919546004,300319445.0,0.6573999895344772,False,False,False,False
2025-02-14 14:00:00,136.45026901957874,139.21966995740726,135.47048674490975,138.81976318359375,195479600,3.559234619140625,134.30074462890624,131.05095291137695,135.87778981526694,56.49697497118053,-0.6082695621721541,-2.2196083916580474,1.6113388294858932,3.9591413929541375,6.153659619333729,299631645.0,0.6523997156575367,False,False,False,False
2025-02-18 14:00:00,141.239247408195,143.408773131914,137.89996298841217,139.36964416503906,219176600,0.5498809814453125,135.46649169921875,131.13543472290038,135.86545384724934,56.96690467643276,0.05945598459678081,-1.7637955164070818,1.8232515010038626,5.508810143501819,5.6366301077082515,300531035.0,0.7292977246093736,False,False,False,False
2025-02-19 14:00:00,139.47961431944915,141.32921755912488,137.1901197103136,139.19967651367188,167536000,-0.1699676513671875,136.75220947265626,131.05545196533203,135.7359842936198,56.76279693090593,0.568366546376808,-1.297363103850304,1.865729650227112,4.139097848811275,5.293847417840347,299020385.0,0.560282871684484,False,False,False,False
2025-02-20 14:00:00,139.9994986264957,140.62936628696042,136.7601988439899,140.07948303222656,143903600,0.8798065185546875,138.5458190917969,130.70752639770507,135.63983942667645,57.60946149288377,1.0307925316290323,-0.8317319767544368,1.8625245083834692,3.8691674429705074,5.077466599988199,294332995.0,0.4889142652864997,False,False,False,False
2025-02-21 14:00:00,140.00948969645043,141.42919381606555,134.00080428998024,134.4007110595703,228217600,-5.67877197265625,138.3738555908203,130.06816482543945,135.43605194091796,50.7074245273032,0.9283377184765129,-0.4797180377082469,1.4080557561847598,7.4283895260853114,4.989629404092619,297948100.0,0.7659642736436312,False,False,False,False
2025-02-24 14:00:00,136.53026411475935,138.55982089892026,130.05167928786804,130.2516326904297,251381100,-4.149078369140625,136.6602294921875,129.45130004882813,135.24175771077475,46.33911786910121,0.5065068956081973,-0.28247305104495807,0.7889799466531553,8.508141611052224,5.093177903426822,298784275.0,0.841346486524433,False,False,False,False
2025-02-25 14:00:00,129.9516936613149,130.17164697857655,124.41290666278033,126.60242462158203,271428700,-3.6492080688476562,134.1067855834961,129.86171112060546,135.08544807434083,42.84324526669644,-0.12086441436034079,-0.2501513237080346,0.12928690934769382,5.838726027649358,5.186015259139689,271414165.0,1.0000535528423875,False,False,False,False
2025-02-26 14:00:00,129.96170661334043,133.7008826502409,128.46203316398234,131.2514190673828,322553800,4.648994445800781,132.5171340942383,129.9761863708496,134.99162584940592,48.20425956453337,-0.24015731493437897,-0.2481525219533035,0.007995207018924533,7.098458028658882,5.239575212534519,258558535.0,1.2475078418896517,False,False,False,False
2025-02-27 14:00:00,134.97060540054449,134.98059773119874,119.98387142553824,120.12384033203125,443175800,-11.127578735351562,128.52600555419923,129.79872550964356,134.73866996765136,38.81893403558377,-1.2185536767234453,-0.4422327529073319,-0.7763209238161134,14.996726305660502,6.029403093555677,257361295.0,1.7219986400830007,True,False,True,False
2025-02-28 14:00:00,117.99429297871988,125.06275289296238,116.37465068149442,124.89279174804688,389091100,4.768951416015625,126.62442169189453,129.81222229003907,134.51671028137207,43.863418534773224,-1.5907877084518134,-0.6719437440162283,-0.9188439644355851,8.688102211467964,6.266494316371811,257169575.0,1.5129748532655933,True,False,False,False
2025-03-03 14:00:00,123.48310269608358,123.67305612882248,112.25554513947324,114.03515625,411381400,-10.857635498046875,123.3811264038086,129.51178741455078,134.10745862325032,36.4871497356044,-2.7304315883287558,-1.0836413128787339,-1.6467902754500219,12.637246608573633,6.800663115602982,258330590.0,1.592461039941108,True,False,False,False
2025-03-04 14:00:00,110.62590357369604,119.28401358591904,110.0860202624711,115.96473693847656,398163300,1.9295806884765625,121.2535888671875,129.4782943725586,133.7032075246175,38.467540546037604,-3.4382722758942776,-1.5545675054818429,-1.8837047704124348,9.197993323447946,7.210574203798111,259676970.0,1.5333023178759364,True,False,False,False
2025-03-05 14:00:00,117.55439764571528,118.25424216283551,114.48506647308832,117.27445983886719,284337900,1.309722900390625,118.45819702148438,129.4108093261719,133.23947512308757,39.83876084245183,-3.8491864034327534,-2.0134912850720252,-1.8356951183607282,3.769175689747186,7.2141437839845866,261066365.0,1.0891403034626848,False,False,False,False
2025-03-06 14:00:00,113.50527582346177,115.32487918451908,110.1959990692751,110.5459213256836,321181900,-6.728538513183594,116.54261322021485,128.69796447753907,132.66476694742838,35.46613043576812,-4.664011810351539,-2.543595390127928,-2.120416420223611,7.078460769592084,7.336974066440916,264013920.0,1.2165339615426338,False,False,False,False
2025-03-07 14:00:00,111.22576986878714,113.45528753337068,107.53657110597264,112.66545867919922,341755500,2.119537353515625,114.0971466064453,127.89863929748535,132.16904157002767,37.78274000332234,-5.080176749846757,-3.050911662071694,-2.029265087775063,5.918716427398039,7.476943711758338,268527515.0,1.2727019799069752,False,False,False,False
2025-03-10 13:00:00,109.87605754375717,111.82562964494369,105.43702244846195,106.95669555664062,366487400,-5.708763122558594,112.68145446777343,126.75588874816894,131.6386572519938,34.21965341238332,-5.8037380569505785,-3.6014769410474714,-2.202261115903107,7.228436230737273,7.59977414656087,275442570.0,1.3305401557936378,False,False,False,False
2025-03-11 13:00:00,106.96669412251354,112.2155506077548,104.74717644545998,108.73631286621094,354865700,1.7796173095703125,111.23576965332032,125.51565895080566,131.20025266011555,36.23830812986934,-6.162527579907206,-4.113687068819418,-2.0488405110877874,7.468374162294822,7.837579597523981,282336400.0,1.2568896536188745,False,False,False,False
2025-03-12 13:00:00,114.10564961231475,116.74531696319002,112.8658000774832,115.7254409790039,323857500,6.989128112792969,110.92596588134765,124.66337661743164,130.80768254597982,43.56332107200941,-5.8158649626286945,-4.454122647581274,-1.3617423150474206,8.009004096979083,8.133282215667451,289584155.0,1.1183536613044316,False,False,False,False
2025-03-13 13:00:00,117.01527472285696,117.74518623487266,113.77568449740161,115.56546020507812,299033100,-0.15998077392578125,111.92987365722657,123.88607788085938,130.44527206420898,43.440302443793016,-5.490747532622464,-4.6614476245895125,-0.8292999080329517,3.969501737471049,7.886218802195003,296521880.0,1.0084689197303078,False,False,False,False
2025-03-14 13:00:00,118.59508095437823,121.86466627272753,118.13513973204245,121.65469360351562,277593500,6.0892333984375,113.72772064208985,123.2057861328125,130.23583755493163,49.30801350485617,-4.687702465561344,-4.666698592783879,-0.02100387277746485,6.299206067649408,7.728437691951945,300530055.0,0.9236796632536469,False,False,False,False
2025-03-17 13:00:00,122.72455649146468,122.87453914631989,118.01514995099303,119.51496124267578,255501500,-2.1397323608398438,116.23937377929687,122.2405460357666,130.02823295593262,47.44534006091233,-4.175805892340435,-4.568520052695191,0.3927141603547559,4.859389195326855,7.658485061071766,303531150.0,0.8417636871866364,False,False,False,True
2025-03-18 13:00:00,117.98515020944649,119.00501849033903,114.52558655092061,115.41547393798828,299686900,-4.0994873046875,117.57520599365235,121.04283752441407,129.77913080851238,44.01472504545312,-4.054184420335133,-4.465652926223179,0.4114685058880463,4.989374691755174,7.50783625129293,307556665.0,0.9744119835608179,False,False,False,False
2025-03-19 13:00:00,117.25523471702526,120.43483472433577,115.66543852758707,117.50520324707031,273426200,2.0897293090820312,117.93115844726563,119.95811386108399,129.58951873779296,46.152155131721,-3.7459933572664994,-4.321721012431843,0.5757276551653439,5.019360786347491,6.7951672856277145,312851175.0,0.8739816943311784,False,False,False,False
2025-03-20 13:00:00,116.53533674228605,120.18487133427746,116.4553449784264,118.51508331298828,248829700,1.0098800659179688,118.52108306884766,118.87989387512206,129.38724479675292,47.20122970185751,-3.381283506501134,-4.133633511245701,0.7523500047445673,3.729526355851064,6.440983295940794,318097480.0,0.782243543708677,False,False,False,False
2025-03-21 13:00:00,116.92528940681295,117.97515272195331,115.40547637665556,117.68518829345703,266498500,-0.82989501953125,117.72718200683593,118.0441177368164,129.10415369669596,46.40120149121306,-3.123211476758655,-3.9315491043482926,0.8083376275896375,3.1096069363327246,5.760437605066443,320011525.0,0.8327778194863451,False,False,False,False
2025-03-24 13:00:00,119.86491568880827,122.20462527069279,119.32498270837338,121.39472961425781,228452500,3.7095413208007812,118.10313568115234,117.60127258300781,128.80007298787436,50.4444120573279,-2.589508311320941,-3.6631409457428226,1.0736326344218816,4.519436977235756,5.426255008908429,318865095.0,0.7164550262235507,False,False,False,False
2025-03-25 13:00:00,120.53483816820751,121.27474294212928,118.90503833586045,120.67481994628906,167447200,-0.71990966796875,119.1550048828125,117.30489234924316,128.47482884724934,49.66146338126356,-2.1992834308721427,-3.3703694427686868,1.171086011896544,2.489691278397359,5.3348632652405845,313666020.0,0.533839145215666,False,False,False,False
2025-03-26 13:00:00,118.7150653108018,118.82504445296345,112.69581844673802,113.74568939208984,293463300,-6.929130554199219,118.40310211181641,116.42960586547852,128.0389316558838,42.77910415831697,-2.4212397832102397,-3.1805435108569977,0.759303727646758,7.979001499551046,5.399187603094796,312211495.0,0.9399503371904997,False,False,False,False
2025-03-27 13:00:00,111.33598571474475,114.43559407181797,110.6460777346271,111.41597747802734,236902100,-2.3297119140625,116.98328094482422,115.99421272277831,127.61286188761393,40.735041757668924,-2.753390698748362,-3.0951129484352706,0.3417222496869088,3.789516337190875,5.247101882365713,301897810.0,0.7847095677838802,False,False,False,False
2025-03-28 13:00:00,111.47596724864877,112.85579846281165,109.05627362776653,109.65619659423828,229872500,-1.7597808837890625,115.37748260498047,115.2323829650879,127.14946428934734,39.21095076854865,-3.1226266067941992,-3.1006156801070563,-0.022010926687142884,3.799524835045119,5.002179639816274,293936880.0,0.7820471524362645,False,False,False,False
2025-03-31 13:00:00,105.11677236112796,110.94604080353734,103.63696281055644,108.36636352539062,299212700,-1.2898330688476562,112.77180938720703,114.94894332885742,126.71789105733235,38.08616561319765,-3.4792211772020636,-3.176336779526058,-0.3028843976760056,7.309077992980903,4.990801342008136,288328445.0,1.0377495012675562,False,False,True,False
2025-04-01 13:00:00,108.50634668924769,110.18613567920701,106.45660912113902,110.13614654541016,222614000,1.7697830200195312,110.66407470703125,114.6575138092041,126.24882888793945,40.603796676488756,-3.577775871198668,-3.25662459786058,-0.3211512733380877,3.729526558067988,4.685124374943058,279550980.0,0.7963270241442187,False,False,False,False
2025-04-02 13:00:00,107.27650160670082,111.96591394846298,106.77656451707789,110.4061050415039,220601200,0.26995849609375,109.99615783691407,114.31409606933593,125.68162167867025,40.99792111098231,-3.5926835620067834,-3.323836390689821,-0.26884717131696245,5.1893494313850965,4.772256353079776,276364145.0,0.7982265572113199,False,False,False,False
2025-04-03 13:00:00,103.49698496682684,105.61671347851724,101.58722150219326,101.78720092773438,338769400,-8.618904113769531,108.07040252685547,113.87616004943848,124.8881175994873,33.38193826092514,-4.250969020439129,-3.509262916639683,-0.7417061037994461,8.818883539310647,4.952233315341293,277243520.0,1.221919992936174,False,False,False,False
2025-04-04 13:00:00,98.89756129670621,100.11740141914926,92.09841365005991,94.29813385009766,532273800,-7.489067077636719,104.99878997802735,112.95779380798339,124.1245953877767,28.438480143232397,-5.315694100669802,-3.870549153445707,-1.4451449472240951,9.688787277674464,5.2971903212232645,286769435.0,1.8561036673939815,True,False,False,False
2025-04-07 13:00:00,87.44898959160196,101.73719167720878,86.60909899272106,97.6277084350586,611041300,3.3295745849609375,102.85105895996094,112.4913444519043,123.41706581115723,33.17647313165307,-5.823695617142306,-4.261178446185027,-1.5625171709572792,15.128092684487726,6.021384463561304,298997130.0,2.0436360041315447,True,False,False,False
2025-04-08 13:00:00,103.79693724960859,105.83668151314755,94.448115096381,96.28788757324219,476243400,-1.3398208618164062,100.08140716552734,111.86892318725586,122.75719032287597,32.25113070572843,-6.2622158983167395,-4.66138593661137,-1.6008299617053696,11.388566416766551,6.476327722876952,305066015.0,1.5611158784763357,True,False,False,False
2025-04-09 13:00:00,98.8775535578917,115.08551252786717,97.51772411084168,114.31561279296875,612918300,18.027725219726562,100.86330871582031,111.79843177795411,122.44243405659994,51.751247900341035,-5.096312501101238,-4.7483712495093435,-0.3479412515918945,18.79762495462498,7.552620479932231,319519055.0,1.9182527314372535,True,False,False,False
2025-04-10 13:00:00,109.3562417228181,110.84605211383005,99.13752639108027,107.55646514892578,437812400,-6.759147644042969,102.0171615600586,111.39798202514649,122.03952026367188,46.363057595016755,-4.6639690532224165,-4.731490810251958,0.06752175702954144,15.178086401888478,8.414654727471929,326458020.0,1.341098619663257,False,False,False,True
2025-04-11 13:00:00,108.4863440509602,111.53596322542542,107.46647578597839,110.9160385131836,313417300,3.3595733642578125,105.34074249267579,110.86104927062988,121.61794853210449,49.19451220932621,-4.004087632770052,-4.586010174755577,0.5819225419855254,4.06948743944703,8.382515474772733,328249210.0,0.9548150930812598,False,False,False,False
2025-04-14 13:00:00,114.09564149423704,114.27561914894163,109.0562747909433,110.6960678100586,264705000,-0.219970703125,107.95441436767578,110.42010459899902,121.23720118204753,49.01207472463746,-3.459003412063552,-4.360608822217173,0.9016054101536204,5.219344357998324,8.577490694744231,328709385.0,0.8052857997954637,False,False,False,False
2025-04-15 13:00:00,110.95604157012,113.6057097347757,110.48609947397975,112.18588256835938,228966900,1.4898147583007812,111.13401336669922,110.25862503051758,120.81229909261067,50.35491930485917,-2.873678661137717,-4.063222790001282,1.1895441288635649,3.1196102607959517,8.230391320547438,325173385.0,0.7041378863156343,False,False,False,False
2025-04-16 13:00:00,104.53685005598037,106.776566115048,100.43735975697352,104.47685241699219,397016900,-7.7090301513671875,109.1662612915039,109.60720748901367,120.20692443847656,43.910562654967705,-2.9973077867477684,-3.8500397893505793,0.8527320026028109,11.748522811385854,8.798891782989937,331352920.0,1.1981693114398992,False,False,True,False
2025-04-17 13:00:00,104.43685285244638,104.45685460754896,100.03741265575106,101.47722625732422,292517500,-2.9996261596679688,107.95041351318359,108.75531463623047,119.4475783030192,41.67559352793641,-3.2992972763958477,-3.739891286759633,0.4405940103637853,4.4394397612411325,8.844599992003937,333537310.0,0.8770158277045528,False,False,False,False
2025-04-21 13:00:00,98.75757087400713,99.42749238220217,95.02804439894429,96.89781188964844,288501100,-4.579414367675781,105.14676818847656,107.71594581604003,118.60940945943197,38.457415166785545,-3.863609307286339,-3.7646348908649743,-0.09897441642136462,6.44918185837993,8.78317883953244,334637440.0,0.8621303701104096,False,False,False,False
2025-04-22 13:00:00,98.7675690784311,99.79743825075411,97.26775782667495,98.87755584716797,241004800,1.9797439575195312,102.78306579589844,106.59008712768555,117.88088658650716,40.59315606568957,-4.103776089209958,-3.8324631305339714,-0.27131295867598704,2.8996263611056747,8.723900254035131,335265055.0,0.7188485540194459,False,False,False,False
2025-04-23 13:00:00,104.50684469329865,104.78681586825162,102.0071592730487,102.69707489013672,247526000,3.81951904296875,100.8853042602539,105.69119987487792,117.61926778157552,44.588524919619594,-3.9404832899764273,-3.8540671624224627,-0.08641612755396455,5.909260021083654,8.7753224390136,339268995.0,0.7295862682648027,False,False,False,False
2025-04-24 13:00:00,103.4669774804407,106.52658985205171,103.09702130913817,106.4166030883789,220815000,3.7195281982421875,101.27325439453125,105.32474555969239,117.2435125986735,48.239294676075325,-3.470927043537941,-3.777439138645559,0.3065120951076179,3.8295149619149953,8.418938969199624,335636580.0,0.6578990883532421,False,False,False,True
2025-04-25 13:00:00,106.83655988818872,111.90592192622726,105.71670563343305,110.99604034423828,251064700,4.579437255859375,103.17701721191406,105.30374870300292,117.03222897847493,52.39765414296627,-2.698175137245073,-3.561586338365462,0.8634112011203889,6.189216292794214,8.168969613136749,336344710.0,0.746450568525368,False,False,False,False
2025-04-28 13:00:00,109.67619446115806,110.35610916663857,106.0066506499314,108.71631622314453,207708500,-2.27972412109375,105.54071807861328,105.25675468444824,116.76711997985839,50.234063864309356,-2.2438526318636036,-3.2980395970650904,1.0541869652014868,4.98938969430688,7.444776542409547,335236510.0,0.619587944045832,False,False,False,False
2025-04-29 13:00:00,107.65645038374015,110.18613082106049,107.42648359585715,109.00627899169922,170444300,0.2899627685546875,107.56646270751953,105.28875045776367,116.58316040039062,50.513955900762774,-1.8392000477414143,-3.006271687200355,1.1670716394589409,2.759647225203338,6.828425171583603,328798090.0,0.518385918847643,False,False,False,False
2025-04-30 13:00:00,104.45685864823317,108.90629577636719,104.06690832142748,108.90629577636719,235044600,-0.09998321533203125,108.80830688476563,105.22725791931153,116.45435536702475,50.408678967586255,-1.5091808716865103,-2.7068535240975864,1.1976726524110761,4.939370670271742,5.838549865558371,329419620.0,0.7135112353052924,False,False,False,False
2025-05-01 13:00:00,113.06577112138011,114.92553765737502,111.28599634849851,111.59595489501953,236121500,2.6896591186523438,109.84417724609375,105.2867504119873,116.33721860249837,53.23239978836077,-1.0188604949796343,-2.369254918273996,1.3503944232943619,6.019241881007829,5.184346685495468,330195635.0,0.7150957643640565,False,False,False,False
2025-05-02 13:00:00,114.1656362648126,115.38548400726445,113.35574060530446,114.485595703125,190194800,2.8896408081054688,110.54208831787109,105.92167015075684,116.16526489257812,56.12297675704032,-0.3925827508165014,-1.9739204847824974,1.581337733965996,3.789529112244921,5.164349662123889,322766905.0,0.5892636359356608,False,False,False,False
2025-05-05 13:00:00,112.89579778060671,114.65557085202862,112.64582923459892,113.80567932128906,133163200,-0.6799163818359375,111.5599609375,106.89704742431641,115.91782684326172,55.25755571719234,0.048326229117179764,-1.569471142002562,1.6177973711197418,2.0097416174296967,4.935092323511844,302811375.0,0.4397562674123454,False,False,False,False
2025-05-06 13:00:00,111.46598025800552,114.72556468927546,110.8060596179303,113.52571868896484,158525600,-0.27996063232421875,112.46384887695312,107.69194793701172,115.64639371236166,54.882284654139916,0.37088396945968327,-1.181400119710113,1.5522840891697962,3.9195050713451565,4.992227667122501,280185590.0,0.5657878408379247,False,False,False,False
2025-05-07 13:00:00,113.03578272910664,117.66519758488604,112.2658753138673,117.04527282714844,206758800,3.5195541381835938,114.09164428710938,108.72981719970703,115.37146644592285,58.681335055534696,0.9001357033214674,-0.7650929551037969,1.6652286584252645,5.399322271018747,4.538713342810565,266711360.0,0.7752155738698194,False,False,False,False
2025-05-08 13:00:00,118.23512643493164,118.66507265437788,115.83542678286972,117.35523986816406,198428100,0.309967041015625,115.24350128173828,108.8817985534668,115.11453564961751,59.00870001981905,1.3292603789543591,-0.3462222882921657,1.6754826672465248,2.8296458715081627,4.4237280649724955,245986850.0,0.8066614129982964,False,False,False,False
2025-05-09 13:00:00,117.33523143311392,118.21512557823269,115.19550133583151,116.63532257080078,132972200,-0.7199172973632812,115.67344665527344,109.33574142456055,114.8732671101888,57.86204838178447,1.592891603903226,0.04160049014691259,1.5512911137563132,3.0196242424011785,4.178759663831157,230744840.0,0.576273774962855,False,False,False,False
2025-05-12 13:00:00,121.95465837416761,122.98452758789062,120.26486852149502,122.98452758789062,225023300,6.349205017089844,117.50921630859375,109.9391658782959,114.66866709391276,64.42732971914887,2.2877769626606153,0.49083578464965316,1.796941178010962,6.349205017089844,4.425158139258597,226325140.0,0.994247921375416,False,False,False,False
2025-05-13 13:00:00,124.96428378706925,131.20349680462547,124.45434579721417,129.9136505126953,330430100,6.9291229248046875,120.78680267333985,110.90004501342773,114.52023188273112,69.93303662624811,3.3588818279089594,1.0644449933015143,2.294436834607445,8.218969216734848,4.590137367519397,229611395.0,1.4390840663635183,False,False,False,False
2025-05-14 13:00:00,133.18323739959362,135.4229610498005,131.66342437777934,135.32296752929688,281180800,5.4093170166015625,124.44234161376953,112.05689926147461,114.45278727213541,73.39490313700398,4.591301164366243,1.7698162275144602,2.8214849368517827,5.509310537105193,4.7101227657472675,232222090.0,1.210827100901555,False,False,False,False
2025-05-15 13:00:00,134.27309347043854,136.28285028501523,132.64330897356982,134.8130340576172,226632600,-0.5099334716796875,127.93390045166015,113.57370834350586,114.3796765645345,72.54690401790705,5.463870895594894,2.5086271611305473,2.955243734464347,3.639541311445413,4.528003124222353,223702875.0,1.0130965013301685,False,False,False,False
2025-05-16 13:00:00,136.20286928250525,136.3328578150344,133.44322189103337,135.38296508789062,226542500,0.5699310302734375,131.6834289550781,115.26899528503418,114.30140126546225,72.92344852539891,6.130706398025524,3.2330430085095427,2.897663389515981,2.889635924001027,4.3780207120576495,220404125.0,1.0278505449932027,False,False,False,False
2025-05-19 13:00:00,132.3733402168265,135.85289804232983,132.3733402168265,135.55294799804688,193154600,0.16998291015625,134.19711303710938,117.20175209045411,114.32060521443685,73.0422103630948,6.596850156033213,3.905804438014277,2.6910457180189358,3.4795578255033206,4.429442897793363,215636800.0,0.895740430204863,False,False,False,False
2025-05-20 13:00:00,134.27309787247168,134.56306993057714,132.60330981084104,134.36309814453125,161514200,-1.189849853515625,135.08700256347657,118.97602920532226,114.38912963867188,70.70444009808122,6.791967925063247,4.4830371354240715,2.3089307896391755,2.949638187205835,4.287319149002941,211662270.0,0.7630750629292599,False,False,False,False
2025-05-21 13:00:00,133.04325269152105,137.3827028648009,130.57356230685332,131.78341674804688,270608700,-2.579681396484375,134.37909240722655,120.43034629821777,114.4754795074463,65.78818487205625,6.661650078001841,4.918759723939626,1.7428903540622152,6.809140557947586,4.343740483070066,212816405.0,1.2715593988160827,False,False,False,False
2025-05-22 13:00:00,132.21336282687446,134.23311300774128,131.53345568577518,132.81329345703125,187344000,1.029876708984375,133.97914428710936,121.75018081665038,114.50151074727377,66.78124364192992,6.565788367453891,5.248165452642479,1.3176229148114116,2.6996573219661,4.2658924980501505,211142855.0,0.8872855299792172,False,False,False,False
2025-05-23 13:00:00,129.98365220977007,132.66330787048915,129.14376150329426,131.2734832763672,198821300,-1.5398101806640625,133.1572479248047,122.76405296325683,114.68733812967936,63.79941839397776,6.293025379051912,5.4571374379243665,0.8358879411275453,3.6695319537369926,4.384448950643529,208530685.0,0.953439058621037,False,False,False,False
2025-05-27 13:00:00,134.13310453484723,135.64292419162265,133.2932139517279,135.48294067382812,192953600,4.2094573974609375,133.14324645996095,124.10238418579101,114.86384061177571,68.00523408968301,6.343403965382819,5.634390743416057,0.709013221966762,4.369440915255467,4.416587225208551,207792940.0,0.9285859278953366,False,False,False,False
2025-05-28 13:00:00,136.01289284806998,137.23274065219468,134.773043287045,134.7930450439453,304021100,-0.6898956298828125,133.22923583984374,125.39172248840332,115.20980542500814,66.6387533584587,6.255550454678428,5.758622685668532,0.4969277690098961,2.4596973651496796,4.206614017646475,214471780.0,1.417534278868763,False,False,False,False
2025-05-29 13:00:00,142.2321134030903,143.47196297724966,137.89266277883826,139.17250061035156,369241900,4.37945556640625,134.7070526123047,126.90503273010253,115.59660148620605,70.66800334228597,6.464789311079997,5.899856010750825,0.5649333003291721,8.678917933304348,4.624419164917631,221181645.0,1.6694057049806281,True,False,False,False
2025-05-30 13:00:00,138.7025513364048,139.6024320207408,132.9032778793795,135.11300659179688,333170900,-4.0594940185546875,135.1669952392578,128.0808853149414,115.89391059875489,63.064662138843,6.231215794688467,5.966127967538354,0.26508782715011314,6.699154141361305,4.887242729129069,226034115.0,1.4739850221281863,False,False,False,False
2025-06-02 13:00:00,135.4729551269194,138.10261378714853,135.38295485750098,137.3627166748047,197663100,2.2497100830078125,136.3848419189453,129.2247413635254,116.3408571879069,65.2932749696391,6.156669646932926,6.004236303417269,0.15243334351565707,2.9896071953516525,4.647271456147769,226407530.0,0.8730411925787097,False,False,False,False
2025-06-03 13:00:00,138.76252943263086,141.9821253260672,137.93263208053457,141.2022247314453,225578800,3.839508056640625,137.52869873046876,130.5945686340332,116.81646995544433,68.75797354968383,6.334388610936969,6.070266764921209,0.26412184601575994,4.619408651262518,4.39015998718546,231028310.0,0.9764119384329998,False,False,False,False
2025-06-04 13:00:00,142.17211569309742,142.37208748278405,139.52243989492337,141.9021453857422,167120800,0.699920654296875,138.9505187988281,132.01338996887208,117.39889411926269,69.35848320189456,6.4572744769702695,6.147668307331021,0.30960616963924803,2.8496475878606873,4.2001840622394235,231458070.0,0.722034880874968,False,False,False,False
2025-06-05 13:00:00,142.15211531599257,143.98188696027037,138.81253909953503,139.97239685058594,231397900,-1.92974853515625,139.110498046875,133.15974617004395,117.91949551900228,65.61382040530225,6.326025349525537,6.183339715769925,0.14268563375561172,5.169347860735343,4.309455958617276,232690025.0,0.9944470116413456,False,False,False,False
2025-06-06 13:00:00,142.4920575502711,143.2519716576077,141.49218341482276,141.70216369628906,153986200,1.729766845703125,140.42832946777344,134.3770923614502,118.3524408976237,67.31717195573671,6.289090478398151,6.204489868295571,0.08460061010258002,3.27957480702176,4.3373087359759,230467930.0,0.6681458891048312,False,False,False,False
2025-06-09 13:00:00,143.17198765195985,144.98175749406252,141.9221449149421,142.612060546875,185114500,0.9098968505859375,141.4781982421875,135.6759292602539,118.80321756998698,68.2092651103207,6.261066718690955,6.2158052383746485,0.045261480316306724,3.279593797773458,4.323025591138053,233075045.0,0.7942270267501181,False,False,False,False
2025-06-10 13:00:00,142.6720500430919,144.27183958658884,141.51219232566982,143.94189453125,155881900,1.329833984375,142.02613220214843,136.7237976074219,119.17467091878255,69.51878702922166,6.273843216606224,6.227412834020964,0.04643038258526033,2.7596472609190243,4.309454810688995,229617975.0,0.6788749879010997,False,False,False,False
2025-06-11 13:00:00,144.6018435649776,144.9818270127783,141.8619926278542,142.8219451904297,167694000,-1.1199493408203125,142.21009216308593,137.36921234130858,119.56312065124511,67.0151529618525,6.123015816370611,6.206533430490894,-0.08351761412028313,3.119834384924104,4.045932941187317,221481170.0,0.7571478875608252,False,False,False,False
2025-06-12 13:00:00,141.9619934165529,144.9918212890625,141.84200506767834,144.9918212890625,162365000,2.1698760986328125,143.21397705078124,137.85265502929687,120.05605977376302,69.3205092486062,6.108163772015757,6.186859498795867,-0.07869572678010961,3.1498162213841567,4.078087148288607,215540380.0,0.7532927240826057,False,False,False,False
2025-06-13 13:00:00,142.47195608609783,143.57190012016565,140.84205843661482,141.9619903564453,180820600,-3.0298309326171875,143.2659423828125,138.2101028442383,120.4636728922526,62.727966825593974,5.785222936121386,6.106532186260971,-0.3213092501395849,4.1497628524476795,4.11238935533937,213249780.0,0.8479286590588745,False,False,False,False
2025-06-16 13:00:00,143.3419182543515,146.17174515794912,143.19191756263837,144.6818389892578,183133700,2.7198486328125,143.67989807128907,138.67504653930663,120.8997854868571,65.86621086844823,5.683246127298901,6.021874974468557,-0.33862884716965613,4.209754801503806,4.100983204357108,211079340.0,0.867605991187958,False,False,False,False
2025-06-17 13:00:00,144.48185167828373,145.2118062109318,143.77188503129375,144.1118621826172,139108000,-0.569976806640625,143.7138916015625,139.10299224853514,121.34023005167643,64.63795632839856,5.493115194189727,5.916123018412791,-0.42300782422306415,1.4399211796380484,4.028142048249135,208377010.0,0.667578443514474,False,False,False,False
2025-06-18 13:00:00,144.00186822839106,145.64177507521472,143.1119190601379,145.47178649902344,161494100,1.35992431640625,144.24385986328124,139.65842666625977,121.7415143330892,66.25484232067006,5.3900366001088,5.8109057347519935,-0.4208691346431932,2.529856015076831,3.5889233398043126,208376005.0,0.7750129387498335,False,False,False,False
2025-06-20 13:00:00,145.4417889825313,146.1917466588846,142.6419439392267,143.84188842773438,242956200,-1.6298980712890625,144.0138732910156,140.26135025024413,122.12763214111328,62.56262387977184,5.1178317403687,5.672290935875335,-0.5544591955066345,3.5498027196578903,3.363969666825497,206993380.0,1.1737389862419754,False,False,False,False
2025-06-23 13:00:00,142.49196127355907,144.77183143330174,142.02198656661903,144.161865234375,154308900,0.319976806640625,144.45384826660157,140.82877883911132,122.63456840515137,62.99856820565636,4.871768171126348,5.512186382925538,-0.6404182117991901,2.7498448666827073,3.3468437862062865,205341625.0,0.7514740374729186,False,False,False,False
2025-06-24 13:00:00,145.55178305584516,147.9516567694991,145.4917888831412,147.8916473388672,187566100,3.7297821044921875,145.09580993652344,141.65968704223633,123.24249623616537,67.7174879658913,4.920997073404493,5.393948521021329,-0.47295144761683616,3.7897915351240954,3.287585420767828,204778865.0,0.9159446215311331,False,False,False,False
2025-06-25 13:00:00,149.2615908362584,154.44129154756814,149.2515816348226,154.30130004882812,269146500,6.4096527099609375,147.13369750976562,142.60060501098633,123.98658129374186,73.88201145399381,5.414798314748566,5.398118479766777,0.016679834981789377,6.549644208700954,3.5518708936849896,208588510.0,1.290322750759378,False,False,False,True
2025-06-26 13:00:00,155.9711982969104,156.71116205301092,153.99131424314706,155.01126098632812,198145700,0.7099609375,149.04159240722657,143.61151580810548,124.76399625142416,74.46367942482651,5.796607586431293,5.47781630109968,0.3187912853316126,2.7198478098638645,3.376906604337027,203294740.0,0.9746720451301396,False,False,False,False
2025-06-27 13:00:00,156.03119384319848,158.7010567029259,155.25123904977087,157.74110412597656,263234500,2.7298431396484375,151.821435546875,144.53994598388672,125.55741221110026,76.6197932862968,6.247452963289362,5.631743633537617,0.6157093297517449,3.6897957165977857,3.4062080978781717,197994370.0,1.3295049753182375,False,False,False,False
2025-06-30 13:00:00,158.39105963903748,158.65105473929458,155.95121007936535,157.98109436035156,194580300,0.239990234375,154.5852813720703,145.68335037231446,126.35032869974772,76.805208092316,6.548627873105062,5.815120481451106,0.7335073916539558,2.6998446599292265,3.3647974451750122,191064840.0,1.0183993036081365,False,False,False,False
2025-07-01 13:00:00,156.28118836420296,157.19114075936278,151.4814709885328,153.29136657714844,213143600,-4.689727783203125,155.66522521972655,146.47978286743165,127.20873146057129,65.82033809645755,6.335853544835004,5.9192670941278855,0.4165864507071184,6.499623371818757,3.6319385959535646,191838865.0,1.111055364094236,False,False,False,False
2025-07-02 13:00:00,152.97137110311218,157.5911210146133,152.9613771597412,157.2411346435547,171224100,3.94976806640625,156.25319213867186,147.2817283630371,128.25778147379557,69.74506240920502,6.4120277653642574,6.01781922837516,0.3942085369890975,4.629743854872089,3.7397892723784207,189121130.0,0.9053673695794859,False,False,False,False
2025-07-03 13:00:00,158.36106240246136,160.97091579811564,157.76110539966962,159.3310089111328,143716100,2.089874267578125,157.1171417236328,148.15317153930664,129.2861698150635,71.60306416893687,6.565350497775285,6.127325482255185,0.43802501552009954,3.7297811545609534,3.7812153390339063,187950895.0,0.764647063798233,False,False,False,False
2025-07-07 13:00:00,158.19107281354107,159.3010108082469,157.33112071622008,158.2310791015625,140139000,-1.0999298095703125,157.21513671875,149.06610565185548,130.31855634053548,69.19453906569453,6.522912648071468,6.206442915418442,0.3164697326530259,1.999888194912728,3.6276528634956953,183387950.0,0.7641668931900923,False,False,False,False
2025-07-08 13:00:00,159.32102164925746,160.21097087662494,158.3810721884118,159.99098205566406,138133000,1.7599029541015625,157.6171142578125,149.9805465698242,131.07981249491374,70.882205002738,6.555719552498829,6.27629824283452,0.27942130966430856,1.9798917750624412,3.468376933035598,182595290.0,0.7564981550181278,False,False,False,False
2025-07-09 13:00:00,161.2109090473586,164.41072552837133,161.15091487239096,162.87081909179688,183656400,2.8798370361328125,159.5330047607422,150.9934844970703,132.0017183939616,73.44583475283525,6.736444502696145,6.368327494806845,0.3681170078892997,4.4197434727072675,3.681221382540542,182522385.0,1.006213018748358,False,False,False,False
2025-07-10 13:00:00,164.31074810125853,164.4907306346819,161.6008940928153,164.09075927734375,167704100,1.219940185546875,160.9029296875,152.000927734375,132.88796374003093,74.47120892972377,6.898586692122876,6.4743793342700515,0.4242073578528247,2.8898365418666003,3.70693427731124,183113495.0,0.9158478461677552,False,False,False,False
2025-07-11 13:00:00,163.71077623333997,167.88053943905462,163.4607903198708,164.91070556640625,193633300,0.8199462890625,162.01886901855468,153.10536575317383,133.79154103597006,75.16533690143123,7.012413619238572,6.581986191263756,0.43042742797481637,4.41974911918382,3.7690733058488064,184410460.0,1.0500125643632146,False,False,False,False
2025-07-14 13:00:00,165.36067502496692,165.48067863727533,162.0108729824689,164.06076049804688,136975800,-0.849945068359375,163.18480529785157,154.05881271362304,134.65612233479817,72.95106439998418,6.953878828827754,6.6563647187765556,0.2975141100511989,3.4698056548064358,3.8204990764290727,183141000.0,0.7479253689780005,False,False,False,False
2025-07-15 13:00:00,171.18034650685541,172.39026971263084,169.19045325951484,170.69036865234375,230627400,6.629608154296875,165.3246826171875,155.49523162841797,135.7596809387207,78.31669353363722,7.357629386212466,6.796617652263738,0.5610117339487282,8.329509214583965,4.144764624961921,185631340.0,1.2423947378713098,False,False,False,False
2025-07-16 13:00:00,171.05035621730414,171.74031976856003,168.89047429804987,171.36033630371094,158831500,0.6699676513671875,167.0225860595703,156.82915649414062,136.9243994394938,78.77490997652502,7.643555255084891,6.966005172827969,0.6775500822569223,2.849845470510161,3.880493286519721,184416230.0,0.8612663863695728,False,False,False,False
2025-07-17 13:00:00,172.01030913929756,174.15018791751396,170.82037376702192,172.99024963378906,160841100,1.629913330078125,168.80248413085937,158.27307586669923,138.1926067352295,79.88840198047073,7.910486782611287,7.1549014947846326,0.755585287826654,3.329814150492041,3.924062310850305,185502885.0,0.8670544396115457,False,False,False,False
2025-07-18 13:00:00,173.63021019833226,174.24017641906912,171.2503394915346,172.40028381347656,146456400,-0.5899658203125,170.30039978027344,159.61950073242187,139.41798553466796,78.28745568365267,7.982410372271005,7.320403270281908,0.6620071019890972,2.989836927534526,3.874065254488644,184751000.0,0.7927231787649323,False,False,False,False
2025-07-21 13:00:00,172.7402639749064,173.37023335124513,170.99036260323587,171.37034606933594,123126100,-1.029937744140625,171.76231689453124,160.99592361450195,140.5625400543213,75.44500885360276,7.8656328475741475,7.429449185740356,0.4361836618337911,2.3798707480092673,3.8512099750657893,178759495.0,0.6887807553942799,False,False,False,False
2025-07-22 13:00:00,171.33033873133073,171.38033896465845,164.5707252526767,167.0205841064453,193114300,-4.349761962890625,171.02835998535156,162.13885955810548,141.5726064046224,64.75215569957733,7.337514085058842,7.411062165604054,-0.073548080545212,6.80961371198174,3.873352142220288,180699765.0,1.0687025519928042,False,False,False,False
2025-07-23 13:00:00,169.52044095634585,171.25033914956657,167.96053134785282,170.77037048339844,154082200,3.749786376953125,170.91036682128907,163.28279571533204,142.56884524027507,68.85076226387784,7.139255687687751,7.356700870020794,-0.21744518233304344,4.2297550431212585,3.8447815128095146,179025570.0,0.8606714672099633,False,False,False,False
2025-07-24 13:00:00,172.43027959809626,173.82020061413024,171.29034448608226,173.73020935058594,128984600,2.9598388671875,171.05835876464843,164.2542411804199,143.65241012573242,71.65271828772404,7.138678497526655,7.313096395521967,-0.17441789799531193,3.049830130731806,3.796213582536004,172017475.0,0.7498342828250444,False,False,False,False
2025-07-25 13:00:00,173.60021352539138,174.71015156060187,172.9502562716434,173.49021911621094,122316800,-0.239990234375,171.2763458251953,165.17818908691407,144.72714246114094,71.09430098778587,7.037729301381603,7.258022976693894,-0.22029367531229127,1.759895288958461,3.779071232110699,168226030.0,0.7270979407883548,False,False,False,False
2025-07-28 13:00:00,174.0101941822023,176.9900219174052,173.96019394928393,176.7400360107422,140023500,3.24981689453125,172.35028381347655,166.12813568115234,145.85770479838052,74.04422116276398,7.137680660075233,7.233954513370162,-0.09627385329492899,3.4998028011942495,3.8876363054058283,162065480.0,0.8639933686063189,False,False,False,False
2025-07-29 13:00:00,177.94996552058157,179.36988356772682,175.01012896550742,175.50009155273438,154077500,-1.2399444580078125,174.0461853027344,167.00408554077148,146.9227737426758,71.06428999618763,7.035736090776709,7.194310828851472,-0.15857473807476286,4.359754602219397,3.883351386085266,160040340.0,0.9627416437630663,False,False,False,False
2025-07-30 13:00:00,176.50004870661488,179.87986313645385,176.03007396904806,179.25990295410156,174312200,3.7598114013671875,175.744091796875,168.30251235961913,148.00234553019206,74.42532953565282,7.175613635842467,7.190571390249671,-0.014957754407204149,4.379771583719474,3.9897753176461856,158098770.0,1.1025525372525036,False,False,False,False
2025-07-31 13:00:00,182.88968537366165,183.28967198380855,175.92007699286586,177.85997009277344,221685400,-1.399932861328125,176.5700439453125,169.33345413208008,149.06991704305014,71.11314011778896,7.0917553743966835,7.170808187079074,-0.07905281268239062,7.369594990942687,4.200478594200391,160621835.0,1.3801697633450645,False,False,False,False
2025-08-01 13:00:00,174.08017933113513,176.53003812303805,170.88036283204175,173.710205078125,204529000,-4.1497650146484375,176.61404113769532,170.0524139404297,150.0729918162028,62.267008786761764,6.614201346461272,7.059486818955514,-0.4452854724942421,6.979607260731683,4.451178708909337,163662480.0,1.2496999923256693,False,False,False,False
2025-08-04 13:00:00,175.150129411279,180.18983857913796,174.5101661001552,179.98985290527344,148174600,6.2796478271484375,177.26400451660157,171.14035263061524,151.1220681508382,68.62699424521861,6.665614383760612,6.980712331916534,-0.3150979481559215,6.479633501012955,4.31904472936855,164064260.0,0.9031497780199051,False,False,False,False
2025-08-05 13:00:00,179.6098628583566,180.24982614601393,175.8900714807458,178.24993896484375,156407600,-1.7399139404296875,177.81397399902343,172.0533004760742,152.13697980244953,65.34077645923614,6.49113728230833,6.882797321994893,-0.39166003968656327,4.359754665268127,4.426895386136977,164977990.0,0.9480513127842084,False,False,False,False
2025-08-06 13:00:00,176.32005948301483,179.88985025482887,176.2400621628547,179.40988159179688,137192300,1.159942626953125,177.8439697265625,172.88025360107423,153.18322245279947,66.49272710101152,6.372996659875497,6.780837189571014,-0.407840529695517,3.649788091974159,4.449750667671414,162654785.0,0.8434568955349208,False,False,False,False
2025-08-07 13:00:00,181.5597693442696,183.86963665167795,178.78992126086553,180.7598114013672,151878400,1.3499298095703125,178.42393798828124,173.71370620727538,154.14614384969076,67.83267926264536,6.315496309047688,6.687769013466349,-0.3722727044186609,5.079715390812424,4.599027700762692,161863500.0,0.9383116020597603,False,False,False,False
2025-08-08 13:00:00,181.5397681998595,183.2896695438941,180.3898238761652,182.689697265625,123396700,1.9298858642578125,180.21983642578124,174.60265579223633,155.02574462890624,69.69829581305179,6.352425717837917,6.620700354340663,-0.2682746365027455,2.899845667728897,4.636168766456952,158351670.0,0.7792573327455278,False,False,False,False
2025-08-11 13:00:00,182.0397344504628,183.82962677132744,180.23983292857787,182.0497283935547,138323200,-0.6399688720703125,180.6318115234375,175.50210418701172,155.80452397664388,68.28400605143015,6.257915051535917,6.548143293779714,-0.2902282422437965,3.5897938427495717,4.406181632940368,158419040.0,0.8731475711505384,False,False,False,False
2025-08-12 13:00:00,182.94968779347354,184.46959107996432,179.4498851930147,183.14967346191406,145485700,1.099945068359375,181.61175842285155,176.12506942749025,156.61013463338216,69.43210316933914,6.200297867703625,6.478574208564496,-0.27827634086087105,5.019705886949623,4.462606693213822,154161955.0,0.9437198691467036,False,False,False,False
2025-08-13 13:00:00,182.60969839497247,183.95962838065756,179.33989375414814,181.5797576904297,179871700,-1.569915771484375,182.0457336425781,176.63604049682618,157.3800811767578,65.77249446083597,5.959262088141628,6.374711784479923,-0.4154496963382952,4.619734626509427,4.57474272862651,155213965.0,1.1588628639182048,False,False,False,False
2025-08-14 13:00:00,179.73985890356857,183.0096786896392,179.44988197821397,182.00973510742188,129554000,0.4299774169921875,182.29571838378905,177.0870147705078,158.15436096191405,66.29646131050546,5.736804766043832,6.247130380792705,-0.5103256147488731,3.5597967114252356,4.703307115945565,153649610.0,0.8431781896485127,False,False,False,False
2025-08-15 13:00:00,181.86974661621798,181.88973450248375,178.02995160113952,180.4398193359375,156602200,-1.569915771484375,181.84574279785156,177.48899154663087,158.92230631510418,62.53246246158437,5.371902702674504,6.072084845169065,-0.7001821424945609,3.9797835062823594,4.737591452023287,154156900.0,1.0158624103105343,False,False,False,False
2025-08-18 13:00:00,180.58981649127065,182.92968080449612,180.5798072904055,181.99972534179688,132008000,1.559906005859375,181.8357421875,178.0204605102539,159.75924479166667,64.67834962891442,5.149229454602732,5.887513767055799,-0.7382843124530662,2.4898614685586153,4.604027656761803,154600995.0,0.8538625511433481,False,False,False,False
2025-08-19 13:00:00,182.41970688751834,182.4897102645763,175.48011099603517,175.63009643554688,185229200,-6.36962890625,180.33182678222656,178.450936126709,160.4728581746419,51.665970521288656,4.407971134337316,5.591605240512102,-1.183634106174786,7.0095992685411375,4.7918724913919215,154206740.0,1.2011744752531568,False,False,False,False
2025-08-20 13:00:00,175.1601234390134,175.99007848098316,168.79048741289236,175.39010620117188,215142700,-0.239990234375,179.093896484375,178.68192291259766,161.20813522338867,51.24762450346858,3.757835381708162,5.224851268751315,-1.4670158870431527,7.199591068090797,4.779729354045358,157259765.0,1.3680721194006618,False,False,False,False
2025-08-21 13:00:00,174.8401410010552,176.89001313294924,173.80019113380274,174.97012329101562,140040900,-0.41998291015625,177.68597412109375,178.74391860961913,161.86625493367512,50.477341607917865,3.1721425185052397,4.8143095187021,-1.64216700019686,3.089821999146494,4.501887549646416,157812580.0,0.8873874313441932,False,False,True,False
2025-08-22 13:00:00,172.60026380920357,178.57992220965232,171.19033968434712,177.97996520996094,172789400,3.0098419189453125,177.19400329589843,178.96840591430663,162.58603693644207,55.62502032600574,2.917217920999974,4.434891199161675,-1.517673278161701,7.389582525305201,4.566883908524433,160336210.0,1.0776692301757662,False,False,False,False
2025-08-25 13:00:00,178.3399565343825,181.89975349617023,176.56005805348863,179.79986572265625,163012800,1.8199005126953125,176.7540313720703,179.12139739990235,163.2631596883138,58.43815756410139,2.8294232724458936,4.113797613818519,-1.284374341372625,5.339695442681602,4.636879678339682,161485675.0,1.0094567211611805,False,False,False,False
2025-08-26 13:00:00,180.04984011627135,182.379710508586,178.79991063056144,181.75975036621094,168688200,1.9598846435546875,177.97996215820314,179.43438034057618,164.04060541788738,61.28461003599173,2.8847382256577703,3.867985736186369,-0.9832475105285989,3.579799878024545,4.631880520200424,162216210.0,1.039897307426921,False,False,False,False
2025-08-27 13:00:00,181.96973565618129,182.47971666734583,179.0899084065932,181.5897674560547,235518900,-0.16998291015625,179.2198944091797,179.55087356567384,164.7777229309082,60.89507123652333,2.881641752000405,3.6707169393491768,-0.7890751873487716,3.3898082607526305,4.511172868053295,165276545.0,1.4249989313365667,False,False,False,False
2025-08-28 13:00:00,180.80980830742462,184.45959632874283,176.40005338826177,180.1598358154297,281787800,-1.429931640625,180.2578369140625,179.66586685180664,165.4270164489746,57.57947459248392,2.7323078967260983,3.483035130824561,-0.7507272340984628,8.059542940481066,4.879722673249879,168281665.0,1.6745009029949876,True,True,False,False
2025-08-29 13:00:00,178.099952232122,178.13994326196564,173.14022534545884,174.170166015625,243257900,-5.9896697998046875,179.49587707519532,179.68886489868163,165.96481679280598,46.22580356438354,2.106362608458653,3.2077006263513796,-1.1013380178927266,7.019610469970843,5.124709575194255,170218110.0,1.4290952942668673,False,False,True,False
2025-09-02 13:00:00,169.99041567915194,172.37028638119727,167.2105736316213,170.77037048339844,231164900,-3.3997955322265625,177.68997802734376,179.2278907775879,166.47811635335287,41.25343485763312,1.3207367406247101,2.830307849206046,-1.5095711085813357,6.959592384003713,5.2632728964124045,174367625.0,1.3257329163025533,False,False,False,False
2025-09-03 13:00:00,171.0503597309562,172.40028977270214,168.8704898798795,170.61038208007812,164424900,-0.1599884033203125,175.4601043701172,178.8459129333496,166.95991999308268,41.029769706248686,0.6774041596850964,2.399727111301856,-1.7223229516167597,3.5297998928226377,5.185420415434777,174768490.0,0.9408154753754524,False,False,False,False
2025-09-04 13:00:00,170.56039467979372,171.85031526705663,169.40045639085815,171.65032958984375,141670100,1.039947509765625,173.472216796875,178.45793533325195,167.44389114379882,43.18602884649849,0.24860773198224706,1.9695032354379345,-1.7208955034556874,2.4498588761984763,5.106139141490009,174992380.0,0.8095786799402351,False,False,False,False
2025-09-05 13:00:00,168.02052717453523,169.02047080600087,164.06075893837155,167.01058959960938,224441400,-4.639739990234375,170.84236755371094,177.77047424316407,167.82836939493816,36.73264827245693,-0.460298730333335,1.4835428422836807,-1.9438415726170157,7.589570651472201,5.36398108043214,178620530.0,1.2565263354665894,False,False,False,False
2025-09-08 13:00:00,167.5405549408978,170.95036631358883,167.34056927044318,168.30050659179688,163769100,1.2899169921875,169.6684356689453,177.05101470947267,168.25301208496094,39.442017588703926,-0.9075648455304872,1.0053213047208471,-1.9128861502513343,3.9397767139794553,5.467546455105057,180639150.0,0.9066091154658334,False,False,False,False
2025-09-09 13:00:00,169.08046220477644,170.97035502688004,166.7306038641957,170.7503662109375,157548400,2.449859619140625,169.66443481445313,176.4860466003418,168.68232116699218,44.31908784902771,-1.0522139992660016,0.5938142439234774,-1.646028243189479,4.2397511626843425,5.269700161829571,181600410.0,0.8675553100348177,False,False,False,False
2025-09-10 13:00:00,176.63004377208136,179.2798883121013,175.46011154547278,177.32000732421875,226852000,6.56964111328125,171.00635986328126,176.19456329345704,169.2716214497884,54.82572895600328,-0.6294781306287405,0.34915576901303386,-0.9786338996417743,8.529522101163792,5.3646952356205,185668725.0,1.2218105122443212,False,False,False,False
2025-09-11 13:00:00,179.67999267578125,180.27999877929688,176.47999572753906,177.1699981689453,151159300,-0.1500091552734375,172.11029357910155,175.9740753173828,169.81309076944987,54.572512277958914,-0.3030678170956662,0.21871105179129385,-0.52177886888696,3.8000030517578125,5.415422453664165,184233105.0,0.8204784910942037,False,False,False,False
2025-09-12 13:00:00,177.77000427246094,178.60000610351562,176.4499969482422,177.82000732421875,124911000,0.6500091552734375,174.27217712402344,175.76458892822265,170.37489318847656,55.53092458881059,0.007973105518658485,0.1765634625367668,-0.16859035701810832,2.1500091552734375,5.041167212947611,184000955.0,0.6788606070006539,False,False,False,False
2025-09-15 13:00:00,175.6699981689453,178.85000610351562,174.50999450683594,177.75,147061600,-0.07000732421875,176.16207580566407,175.63009796142578,170.91286341349283,55.39536950312795,0.24599064460338127,0.1904488989500897,0.05554174565329156,4.3400115966796875,4.969761223947474,183523925.0,0.8013211356502974,False,False,False,True
2025-09-16 13:00:00,177.0,177.5,174.3800048828125,174.8800048828125,140737800,-2.8699951171875,176.98800354003907,175.27411193847655,171.4301653544108,50.00614080965517,0.20072283089581333,0.19250368533923445,0.008219145556578877,3.3699951171875,4.954775169601971,183960415.0,0.7650439362185609,False,False,False,False
2025-09-17 13:00:00,172.63999938964844,173.1999969482422,168.41000366210938,170.2899932861328,211843800,-4.5900115966796875,175.58200073242188,175.00710678100586,171.86563415527343,42.82960965692896,-0.2031856158284029,0.11336582510570699,-0.31655144093410986,6.470001220703125,5.174788952455578,185291145.0,1.1433023418361412,False,False,False,False
2025-09-18 13:00:00,173.97999572753906,177.10000610351562,172.9600067138672,176.24000549316406,191763300,5.95001220703125,175.39600219726563,175.04960174560546,172.33810679117838,52.37172834783555,-0.04267774856052142,0.08215711037246132,-0.12483485893298274,6.8100128173828125,5.085536800805703,184122175.0,1.0415002972890148,False,False,False,False
2025-09-19 13:00:00,175.77000427246094,178.0800018310547,175.17999267578125,176.6699981689453,237182100,0.42999267578125,175.16600036621094,175.13459548950195,172.71091842651367,52.982475292538076,0.11786404464399425,0.08929849722676791,0.028565547417226334,2.9000091552734375,4.791279564041602,188979235.0,1.2550696376773882,False,False,False,True
2025-09-22 13:00:00,175.3000030517578,184.5500030517578,174.7100067138672,183.61000061035156,269637000,6.94000244140625,176.33800048828124,175.41609725952148,173.18756408691405,61.55194752243257,0.7959199002338551,0.23062277782818538,0.5652971224056696,9.839996337890625,4.997022703604953,193821615.0,1.391160629839969,False,False,False,False
2025-09-23 13:00:00,181.97000122070312,182.4199981689453,176.2100067138672,178.42999267578125,192559600,-5.1800079345703125,177.047998046875,175.34760360717775,173.53237889607746,53.68663500604377,0.9048699245025489,0.3654722071630581,0.5393977173394908,7.399993896484375,5.273465132437934,195298955.0,0.9859735296586712,False,False,False,False
2025-09-24 13:00:00,179.77000427246094,179.77999877929688,175.39999389648438,176.97000122070312,143564100,-1.459991455078125,178.38399963378907,175.10811614990234,173.84886067708334,51.682076609823476,0.8634511673335794,0.4650679991971624,0.398383168136417,4.3800048828125,5.411332704338936,194042750.0,0.7398580982798894,False,False,False,False
2025-09-25 13:00:00,174.47999572753906,180.25999450683594,173.1300048828125,177.69000244140625,191586700,0.720001220703125,178.6739990234375,174.91312789916992,174.2555046081543,52.62158499059304,0.8785966695811283,0.5477737332739556,0.33082293630717263,7.1299896240234375,5.378505488092595,191846140.0,0.9986476663017562,False,False,False,False
2025-09-26 13:00:00,178.1699981689453,179.77000427246094,174.92999267578125,178.19000244140625,148573700,0.5,178.97799987792968,174.81463623046875,174.60465240478516,53.30067055282918,0.9203363460476623,0.622286255828697,0.29805009021896534,4.8400115966796875,5.442807979714041,185185435.0,0.802296897701485,False,False,False,False
2025-09-29 13:00:00,180.42999267578125,184.0,180.32000732421875,181.85000610351562,193063500,3.660003662109375,178.6260009765625,175.1986282348633,174.9799690246582,58.04155679431509,1.234516312381487,0.7447322671392551,0.48978404524223196,5.80999755859375,5.554968436564713,182675715.0,1.056864619361145,False,False,False,False
2025-09-30 13:00:00,182.0800018310547,187.35000610351562,181.47999572753906,186.5800018310547,236981000,4.7299957275390625,180.2560028076172,175.9891098022461,175.45245107014975,63.235963917478436,1.8439217421916396,0.9645701621497321,0.8793515800419075,5.8700103759765625,5.365003313337054,182966520.0,1.2952151027412009,False,False,False,False
2025-10-01 13:00:00,185.24000549316406,188.13999938964844,183.89999389648438,187.24000549316406,173844900,0.660003662109375,182.31000366210938,176.8205909729004,175.90660146077474,63.907400594568436,2.353012650362814,1.2422586597923486,1.1107539905704653,4.2400054931640625,5.396432059151786,183437520.0,0.9477063361955613,False,False,False,False
2025-10-02 13:00:00,189.60000610351562,191.0500030517578,188.05999755859375,188.88999938964844,136805800,1.649993896484375,184.5500030517578,177.6825744628906,176.34025446573892,65.59891125991092,2.856681534257916,1.5651432346854621,1.291538299572454,3.80999755859375,5.5150026593889505,183194305.0,0.7467797647967277,False,False,False,False
2025-10-03 13:00:00,189.19000244140625,190.36000061035156,185.3800048828125,187.6199951171875,137596900,-1.2700042724609375,186.43600158691407,178.71304473876953,176.732408396403,63.14584713715213,3.117428250227192,1.8756002377938081,1.241828012433384,4.9799957275390625,5.560715811593192,178852080.0,0.7693335185142941,False,False,False,False
2025-10-06 13:00:00,185.5,187.22999572753906,183.3300018310547,185.5399932861328,157678100,-2.0800018310546875,187.1739990234375,179.57501907348632,177.07622985839845,59.238689527327786,3.120264667951176,2.1245331238252816,0.9957315441258943,4.2899932861328125,5.626429966517857,178547530.0,0.8831155491201699,False,False,False,False
2025-10-07 13:00:00,186.22999572753906,189.05999755859375,184.0,185.0399932861328,140088000,-0.5,186.86599731445312,180.28950042724608,177.42588373819987,58.30476632295396,3.047042320949174,2.30903496325006,0.738007357699114,5.05999755859375,5.525715419224331,177674510.0,0.7884529975627905,False,False,False,False
2025-10-08 13:00:00,186.57000732421875,189.60000610351562,186.5399932861328,189.11000061035156,130168900,4.07000732421875,187.23999633789063,180.87900009155274,177.73287760416667,63.36746998624051,3.2796232051906884,2.503152611638186,0.7764705935525025,4.5600128173828125,5.365001133510044,172840355.0,0.7531163656774484,False,False,False,False
2025-10-09 13:00:00,192.22999572753906,195.3000030517578,191.05999755859375,192.57000732421875,182997200,3.4600067138671875,187.9759979248047,181.6490005493164,178.08637212117512,67.03227982516593,3.700482003862845,2.742618490083118,0.9578635137797273,6.19000244140625,5.600000653948102,174432250.0,1.0491018719302194,False,False,False,False
2025-10-10 13:00:00,193.50999450683594,195.6199951171875,182.0500030517578,183.16000366210938,268774400,-9.410003662109375,187.08399963378906,181.91600036621094,178.25586802164713,51.84205306188074,3.2373883830090904,2.8415724686683124,0.395815914340778,13.569992065429688,5.866428920200893,181625420.0,1.479828098952228,False,False,False,False
2025-10-13 13:00:00,187.97000122070312,190.11000061035156,185.9600067138672,188.32000732421875,153482800,5.160003662109375,187.64000244140624,182.4445007324219,178.52119674682618,57.52598055363963,3.2492966544399735,2.923117305822645,0.32617934861732856,6.9499969482421875,5.834286281040737,181946480.0,0.8435601502156018,False,False,False,False
2025-10-14 13:00:00,184.77000427246094,184.8000030517578,179.6999969482422,180.02999877929688,205641400,-8.290008544921875,186.63800354003905,182.7020004272461,178.6655242919922,47.77084813698139,2.560286252069403,2.8505510950719968,-0.2902648430025936,8.620010375976562,6.137143816266741,185191660.0,1.1104247351095615,False,False,False,False
2025-10-15 13:00:00,184.8000030517578,184.8699951171875,177.2899932861328,179.8300018310547,214450500,-0.1999969482421875,184.7820037841797,183.1790008544922,178.87901458740234,47.56130378277921,1.9753320634341662,2.6755072887444307,-0.7001752253102644,7.5800018310546875,6.169287545340402,185321995.0,1.1571778082790443,False,False,False,False
2025-10-16 13:00:00,182.22999572753906,183.27999877929688,179.77000427246094,181.80999755859375,179723300,1.9799957275390625,182.6300018310547,183.45750045776367,179.06300837198893,49.904132204432905,1.6524720926155396,2.4709002495186527,-0.8184281569031131,3.5099945068359375,6.074286324637277,184719995.0,0.9729498964094276,False,False,True,False
2025-10-17 13:00:00,180.17999267578125,184.10000610351562,179.75,183.22000122070312,173135200,1.410003662109375,182.64200134277343,183.78500061035157,179.2211715698242,51.56371932832783,1.493166457839152,2.2753534911827527,-0.7821870333436007,4.350006103515625,5.970001220703125,181517650.0,0.953820193242916,False,False,False,False
2025-10-20 13:00:00,183.1300048828125,185.1999969482422,181.72999572753906,182.63999938964844,128544700,-0.5800018310546875,181.50599975585936,183.73650054931642,179.37366790771483,50.81794224296304,1.3050702565160748,2.081296844249417,-0.7762265877333423,3.470001220703125,5.7985719953264505,174463035.0,0.7368019248318132,False,False,False,False
2025-10-21 13:00:00,182.7899932861328,182.7899932861328,179.8000030517578,181.16000366210938,124240200,-1.4799957275390625,181.73200073242188,183.8730010986328,179.44733403523762,48.87539813868863,1.024766505060228,1.8699907764115793,-0.8452242713513514,2.989990234375,5.709285191127232,171047065.0,0.7263509607721126,False,False,False,False
2025-10-22 13:00:00,181.13999938964844,183.44000244140625,176.75999450683594,180.27999877929688,162249600,-0.8800048828125,181.8220001220703,184.0385009765625,179.52699915568033,47.70764486366407,0.723277233295704,1.6406480677884043,-0.9173708344927003,6.6800079345703125,5.914285932268415,171981340.0,0.9434139773535897,False,False,False,False
2025-10-23 13:00:00,180.4199981689453,183.02999877929688,179.7899932861328,182.16000366210938,111363700,1.8800048828125,181.89200134277343,184.26200103759766,179.57533416748046,50.43233919779356,0.6287971137809336,1.4382778769869102,-0.8094807632059766,3.2400054931640625,5.790000915527344,167970190.0,0.6629968091361925,False,False,False,False
2025-10-24 13:00:00,183.83999633789062,187.47000122070312,183.5,186.25999450683594,131296700,4.0999908447265625,182.5,184.66550064086914,179.7153345743815,55.836759449567616,0.8746732457771316,1.3255569507449545,-0.45088370496782293,5.30999755859375,5.862858363560268,167106340.0,0.7857074722598796,False,False,False,False
2025-10-27 13:00:00,189.99000549316406,192.0,188.42999267578125,191.49000549316406,153452700,5.230010986328125,184.27000122070314,185.14750061035156,180.01166458129882,61.58984861413109,1.474552308264407,1.355356022248845,0.11919628601556198,5.7400054931640625,5.911430358886719,165125800.0,0.9293078368129026,False,False,False,True
2025-10-28 13:00:00,193.0500030517578,203.14999389648438,191.91000366210938,201.02999877929688,297986200,9.539993286132812,188.24400024414064,185.87000045776367,180.36233367919922,69.4162348027966,2.688764117274843,1.6220376412540447,1.0667264760207984,11.659988403320312,6.418571472167969,168176060.0,1.7718705028527841,True,True,False,False
2025-10-29 13:00:00,207.97999572753906,212.19000244140625,204.77999877929688,207.0399932861328,308829600,6.0099945068359375,193.59599914550782,186.8599998474121,180.84216791788737,73.13059482916816,4.088858240352266,2.1154017610736893,1.973456479278577,11.160003662109375,6.7735715593610495,174925295.0,1.765494235696444,True,False,False,False
2025-10-30 13:00:00,205.14999389648438,206.16000366210938,201.41000366210938,202.88999938964844,178864400,-4.149993896484375,197.74199829101562,187.55999984741212,181.23350321451824,67.07301762299716,4.808147761102475,2.6539509610794467,2.1541968000230285,5.6299896240234375,6.206428527832031,177028225.0,1.0103722160689348,False,False,False,False
2025-10-31 13:00:00,206.4499969482422,207.97000122070312,202.07000732421875,202.49000549316406,179802200,-0.399993896484375,200.98800048828124,188.30350036621093,181.59567311604818,66.50124909747527,5.284991630220219,3.1801590949076015,2.1048325353126174,5.899993896484375,6.131428309849331,179138490.0,1.0037050105758958,False,False,False,False
2025-11-03 14:00:00,208.0800018310547,211.33999633789062,205.55999755859375,206.8800048828125,180267300,4.3899993896484375,204.06600036621094,189.37050094604493,181.99884490966798,69.56748793828828,5.948558810837483,3.733839038093578,2.2147197727439045,8.849990844726562,6.147855486188616,180267950.0,0.9999963942564388,False,False,False,False
2025-11-04 14:00:00,203.0,203.97000122070312,197.92999267578125,198.69000244140625,188919300,-8.19000244140625,203.5980010986328,190.0530014038086,182.27618281046549,58.76128947317546,5.747324255472876,4.136536081569438,1.6107881739034378,8.95001220703125,6.245713370186942,182709515.0,1.0339872009402467,False,False,False,False
2025-11-05 14:00:00,198.77000427246094,202.9199981689453,194.64999389648438,195.2100067138672,171350300,-3.4799957275390625,201.23200378417968,190.35800170898438,182.47718836466473,54.86173057706834,5.246558785050524,4.3585406222656555,0.8880181627848689,8.270004272460938,6.585714067731585,184768585.0,0.9273778873178035,False,False,False,False
2025-11-06 14:00:00,196.4199981689453,197.6199951171875,186.3800048828125,188.0800018310547,222277400,-7.1300048828125,198.27000427246094,190.13350143432618,182.58552576700848,47.85455149813072,4.2256560037824045,4.331963698569005,-0.10630769478660085,11.239990234375,7.077855791364398,186732595.0,1.190351368490327,False,False,False,False
2025-11-07 14:00:00,184.86000061035156,185.6999969482422,178.9199981689453,180.4600067138672,117983686,-7.6199951171875,193.86400451660157,189.99850158691407,182.55969696044923,41.721419164950376,2.769784915049911,4.019527941865187,-1.2497430268152758,9.160003662109375,7.484284537179129,179193059.3,0.658416606429354,False,False,False,False
